"ensembl_peptide_id","ensembl_gene_id","external_gene_name","go_list_MF","go_ids_MF","go_list_CC","go_ids_CC","go_list_BP","go_ids_BP","peptide_seq","peptide_length","AAComp","HMMhasPolyAA","NumberPolyAA","IndiciesPolyAA","TranslationsPolyAA","LengthsPolyAA","AvgLengthsPolyAA","MaxLengthsPolyAA","PolyAARegionAAFractions","AvgPolyAARegionAAFractions","MaxPolyAARegionAAFractions","annotatedSequence","PeptideLength","pvalues"
"FBpp0083478","FBgn0002781","mod(mdg4)","nucleus; polytene chromosome; chromosome; polytene chromosome band; nucleolus; condensed nuclear chromosome; chromatin","GO:0005634; GO:0005700; GO:0005694; GO:0005704; GO:0005730; GO:0000794; GO:0000785","metal ion binding; protein homodimerization activity; DNA binding; protein binding; POZ domain binding; chromatin binding","GO:0046872; GO:0042803; GO:0003677; GO:0005515; GO:0031208; GO:0003682","germ cell migration; oogenesis; apoptotic process; chromatin organization; meiotic chromosome condensation; male meiosis chromosome segregation; male meiosis I; regulation of chromatin assembly or disassembly","GO:0008354; GO:0048477; GO:0006915; GO:0006325; GO:0010032; GO:0007060; GO:0007141; GO:0001672","MPHPHLQLRFHHVNAADRKQRLRIRRPSRSSWKNYRRLP*TRRPASLRCTPPPRRAVSS*SSMVTCSSSRSARRTIPCFSAATVSTARSARCGWYATRKESFLTRASTCTSCRPATKAAYPLNSCLANRESYPRCRPARSC**RIPPSSRKPTTRRMKISRSLRFRRSTRLNWTNRRRRPPRRKKWTPMISVKKSSDDCKKHCRTRRSDTEYALDLQTTPFTI*T*LRSRRLKKAQQYKI*AA*GLHIILSISIWVLNSPNNSK*LSFS**NDVNLEPLCCPDPRWCRQTMIHCSSGTVA*PQPWKWSPSLRHRSYLPQSGCQHPRFQ*SSCRRSACLRKYRPPHRCPRHRRRRRHGPQSSQVQISWAIPWGDQCTRLPPVEPAAAIAGGALLLPQRPQRFAR*SVAAQVGRLSWLQFQWSSREGP*HLRRCLSWSALRRRSRRRGSGRSAGQSVCLSTPASPSSWFPSAAAAIGSAAPPAAVAAVVQWWLGVRPWSG*RSGWCSVSRRPGRRPRSRSCSGRRREAAGAAPAEPVFAVVVHEVLLAAGWIPAAAEAQDRYPLAP*FAAIPRC**TRAGRPASR*PRRST*IG*GPSAPSG*RCSGIR*RGCSTASE*TSCGRRASRRITPIGGPSLFGPRRPARRPPGRRGIATRGSRPTNSC*SCSSTS*IARRPPSWTKINTFLYLCVCWLLTKYFSNKITN*SQSFLLARPTRRTRPSSLT*KLEV",729,0.0288,TRUE,1,"173:729","WTNRRRRPPRRKKWTPMISVKKSSDDCKKHCRTRRSDTEYALDLQTTPFTI*T*LRSRRLKKAQQYKI*AA*GLHIILSISIWVLNSPNNSK*LSFS**NDVNLEPLCCPDPRWCRQTMIHCSSGTVA*PQPWKWSPSLRHRSYLPQSGCQHPRFQ*SSCRRSACLRKYRPPHRCPRHRRRRRHGPQSSQVQISWAIPWGDQCTRLPPVEPAAAIAGGALLLPQRPQRFAR*SVAAQVGRLSWLQFQWSSREGP*HLRRCLSWSALRRRSRRRGSGRSAGQSVCLSTPASPSSWFPSAAAAIGSAAPPAAVAAVVQWWLGVRPWSG*RSGWCSVSRRPGRRPRSRSCSGRRREAAGAAPAEPVFAVVVHEVLLAAGWIPAAAEAQDRYPLAP*FAAIPRC**TRAGRPASR*PRRST*IG*GPSAPSG*RCSGIR*RGCSTASE*TSCGRRASRRITPIGGPSLFGPRRPARRPPGRRGIATRGSRPTNSC*SCSSTS*IARRPPSWTKINTFLYLCVCWLLTKYFSNKITN*SQSFLLARPTRRTRPSSLT*KLEV","557",557,557,"0.0341",0.0341,0.0341,"111111111111111111111111111111111111111111111111111111111111111111111111111111111111111111111111111111111111111111111111111111111111111111111111111111111111111111111111111122222222222222222222222222222222222222222222222222222222222222222222222222222222222222222222222222222222222222222222222222222222222222222222222222222222222222222222222222222222222222222222222222222222222222222222222222222222222222222222222222222222222222222222222222222222222222222222222222222222222222222222222222222222222222222222222222222222222222222222222222222222222222222222222222222222222222222222222222222222222222222222222222222222222222222222222222222222222222222222222222222222222222222222222222222222222222222222222222222222222222222222222222222",729,0
"FBpp0306763","FBgn0038826","Syp","nucleus; precatalytic spliceosome; ribonucleoprotein granule; postsynapse of neuromuscular junction","GO:0005634; GO:0071011; GO:0035770; GO:0098975","nucleic acid binding; RNA binding; mRNA binding","GO:0003676; GO:0003723; GO:0003729","mRNA splicing, via spliceosome; dorsal appendage formation; negative regulation of synaptic growth at neuromuscular junction; regulation of oskar mRNA translation; oocyte dorsal/ventral axis specification; regulation of neuromuscular synaptic transmission","GO:0000398; GO:0046843; GO:0045886; GO:0046011; GO:0007310; GO:1900073","MNKFVSHNLGRDPYRTFSPEMYPLSSPLGPHGTEMAEGNGELLDDINQKADDRGDGERTEDYPKLLEYGLDKKVAGKLDEIYKTGKLAHAELDERALDALKEFPVDGALNVLGQFLESNLEHVSNKSAYLCGVMKTYRQKSRASQQGVAAPATVKGPDEDKIKKILERTGYTLDVTTGQRKYGGPPPHWEGNVPGNGCEVFCGKIPKDMYEDELIPLFENCGIIWDLRLMMDPMTGTNRGYAFVTFTNREAAVNAVRQLDNHEIKPGKCLKINISVPNLRLFVGNIPKSKGKDEILEEFGKLTAGLYEVIIYSSPDDKKKNRGFCFLEYESHKAASLAKRRLGTGRIKVWGCDIIVDWADPQEEPDEQTMSKVKVLYVRNLTQDVSEDKLKEQFEQYGKVERVKKIKDYAFIHFEDRDSAVEAMRGLNGKEIGASNIEVSLAKPPSDKKKKEEILRARERRMMQMMQARPGIVGNLSPTHPSIMSLTPMRPGARMPLRTPIPREYGSWSWAWNHSTAWQSRWPTWQHQSSGGPNSATGGGSGSGGGTGGGGGSSAGGHRSGGAGSNRGVPWGVANASQRSWHPARQAATKFTSWSCIQNIHGG",603,0.0216,TRUE,1,"508:603","WSWAWNHSTAWQSRWPTWQHQSSGGPNSATGGGSGSGGGTGGGGGSSAGGHRSGGAGSNRGVPWGVANASQRSWHPARQAATKFTSWSCIQNIHGG","96",96,96,"0.0938",0.0938,0.0938,"111111111111111111111111111111111111111111111111111111111111111111111111111111111111111111111111111111111111111111111111111111111111111111111111111111111111111111111111111111111111111111111111111111111111111111111111111111111111111111111111111111111111111111111111111111111111111111111111111111111111111111111111111111111111111111111111111111111111111111111111111111111111111111111111111111111111111111111111111111111111111111111111111111111111111111111111111111111111111111111111111111111111111111111111111222222222222222222222222222222222222222222222222222222222222222222222222222222222222222222222222",603,0
"FBpp0306769","FBgn0038826","Syp","nucleus; precatalytic spliceosome; ribonucleoprotein granule; postsynapse of neuromuscular junction","GO:0005634; GO:0071011; GO:0035770; GO:0098975","nucleic acid binding; RNA binding; mRNA binding","GO:0003676; GO:0003723; GO:0003729","mRNA splicing, via spliceosome; dorsal appendage formation; negative regulation of synaptic growth at neuromuscular junction; regulation of oskar mRNA translation; oocyte dorsal/ventral axis specification; regulation of neuromuscular synaptic transmission","GO:0000398; GO:0046843; GO:0045886; GO:0046011; GO:0007310; GO:1900073","MLSQMEASKVQKDEGGGEALSRTILKTPSSFRTPSPIPSCSKMAEGNGELLDDINQKADDRGDGERTEDYPKLLEYGLDKKVAGKLDEIYKTGKLAHAELDERALDALKEFPVDGALNVLGQFLESNLEHVSNKSAYLCGVMKTYRQKSRASQQGVAAPATVKGPDEDKIKKILERTGYTLDVTTGQRKYGGPPPHWEGNVPGNGCEVFCGKIPKDMYEDELIPLFENCGIIWDLRLMMDPMTGTNRGYAFVTFTNREAAVNAVRQLDNHEIKPGKCLKINISVPNLRLFVGNIPKSKGKDEILEEFGKLTAGLYEVIIYSSPDDKKKNRGFCFLEYESHKAASLAKRRLGTGRIKVWGCDIIVDWADPQEEPDEQTMSKVKVLYVRNLTQDVSEDKLKEQFEQYGKVERVKKIKDYAFIHFEDRDSAVEAMRGLNGKEIGASNIEVSLAKPPSDKKKKEEILRARERRMMQMMQARPGIVGNLSPTHPSIMSLTPMRPGARMPLRTPIPREYGSWSWAWNHSTAWQSRWPTWQHQSSGGPNSATGGGSGSGGGTGGGGGSSAGGHRSGGAGSNRGVPWGVANASQRSWHPARQAATKFTSWSCIQNIHGG",611,0.0213,TRUE,1,"516:611","WSWAWNHSTAWQSRWPTWQHQSSGGPNSATGGGSGSGGGTGGGGGSSAGGHRSGGAGSNRGVPWGVANASQRSWHPARQAATKFTSWSCIQNIHGG","96",96,96,"0.0938",0.0938,0.0938,"11111111111111111111111111111111111111111111111111111111111111111111111111111111111111111111111111111111111111111111111111111111111111111111111111111111111111111111111111111111111111111111111111111111111111111111111111111111111111111111111111111111111111111111111111111111111111111111111111111111111111111111111111111111111111111111111111111111111111111111111111111111111111111111111111111111111111111111111111111111111111111111111111111111111111111111111111111111111111111111111111111111111111111111111111111111111222222222222222222222222222222222222222222222222222222222222222222222222222222222222222222222222",611,0
"FBpp0306772","FBgn0038826","Syp","nucleus; precatalytic spliceosome; ribonucleoprotein granule; postsynapse of neuromuscular junction","GO:0005634; GO:0071011; GO:0035770; GO:0098975","nucleic acid binding; RNA binding; mRNA binding","GO:0003676; GO:0003723; GO:0003729","mRNA splicing, via spliceosome; dorsal appendage formation; negative regulation of synaptic growth at neuromuscular junction; regulation of oskar mRNA translation; oocyte dorsal/ventral axis specification; regulation of neuromuscular synaptic transmission","GO:0000398; GO:0046843; GO:0045886; GO:0046011; GO:0007310; GO:1900073","MAEGNGELLDDINQKADDRGDGERTEDYPKLLEYGLDKKVAGKLDEIYKTGKLAHAELDERALDALKEFPVDGALNVLGQFLESNLEHVSNKSAYLCGVMKTYRQKSRASQQGVAAPATVKGPDEDKIKKILERTGYTLDVTTGQRKYGGPPPHWEGNVPGNGCEVFCGKIPKDMYEDELIPLFENCGIIWDLRLMMDPMTGTNRGYAFVTFTNREAAVNAVRQLDNHEIKPGKCLKINISVPNLRLFVGNIPKSKGKDEILEEFGKLTAGLYEVIIYSSPDDKKKNRGFCFLEYESHKAASLAKRRLGTGRIKVWGCDIIVDWADPQEEPDEQTMSKVKVLYVRNLTQDVSEDKLKEQFEQYGKVERVKKIKDYAFIHFEDRDSAVEAMRGLNGKEIGASNIEVSLAKPPSDKKKKEEILRARERRMMQMMQARPGIVGNLSPTHPSIMSLTPMRPGARMPLRTPIPREYGSWSWAWNHSTAWQSRWPTWQHQSSGGPNSATGGGSGSGGGTGGGGGSSAGGHRSGGAGSNRGVPWGVANASQRSWHPARQAATKFTSWSCIQNIHGG",569,0.0228,TRUE,1,"474:569","WSWAWNHSTAWQSRWPTWQHQSSGGPNSATGGGSGSGGGTGGGGGSSAGGHRSGGAGSNRGVPWGVANASQRSWHPARQAATKFTSWSCIQNIHGG","96",96,96,"0.0938",0.0938,0.0938,"11111111111111111111111111111111111111111111111111111111111111111111111111111111111111111111111111111111111111111111111111111111111111111111111111111111111111111111111111111111111111111111111111111111111111111111111111111111111111111111111111111111111111111111111111111111111111111111111111111111111111111111111111111111111111111111111111111111111111111111111111111111111111111111111111111111111111111111111111111111111111111111111111111111111111111111111111111111111111111222222222222222222222222222222222222222222222222222222222222222222222222222222222222222222222222",569,0
"FBpp0083365","FBgn0038826","Syp","nucleus; precatalytic spliceosome; ribonucleoprotein granule; postsynapse of neuromuscular junction","GO:0005634; GO:0071011; GO:0035770; GO:0098975","nucleic acid binding; RNA binding; mRNA binding","GO:0003676; GO:0003723; GO:0003729","mRNA splicing, via spliceosome; dorsal appendage formation; negative regulation of synaptic growth at neuromuscular junction; regulation of oskar mRNA translation; oocyte dorsal/ventral axis specification; regulation of neuromuscular synaptic transmission","GO:0000398; GO:0046843; GO:0045886; GO:0046011; GO:0007310; GO:1900073","MNKFVSHNLGRDPYRTFSPEMYPLSSPLGPHGTEMAEGNGELLDDINQKADDRGDGERTEDYPKLLEYGLDKKVAGKLDEIYKTGKLAHAELDERALDALKEFPVDGALNVLGQFLESNLEHVSNKSAYLCGVMKTYRQKSRASQQGVAAPATVKGPDEDKIKKILERTGYTLDVTTGQRKYGGPPPHWEGNVPGNGCEVFCGKIPKDMYEDELIPLFENCGIIWDLRLMMDPMTGTNRGYAFVTFTNREAAVNAVRQLDNHEIKPGKCLKINISVPNLRLFVGNIPKSKGKDEILEEFGKLTAGLYEVIIYSSPDDKKKNRGFCFLEYESHKAASLAKRRLGTGRIKVWGCDIIVDWADPQEEPDEQTMSKVKVLYVRNLTQDVSEDKLKEQFEQYGKVERVKKIKDYAFIHFEDRDSAVEAMRGLNGKEIGASNIEVSLAKPPSDKKKKEEILRARERRMMQMMQARPGIVGNLSPTHPSIMSLTPMRPGARMPLRTPIPREYVVGKRKFDGGHQNPADVKRRYPSGLIGNGGSWGSLPLPQQPLGTNGEQWYMDTFSAWS",563,0.0124,FALSE,0,NA,NA,NA,NA,NA,NA,NA,NA,"11111111111111111111111111111111111111111111111111111111111111111111111111111111111111111111111111111111111111111111111111111111111111111111111111111111111111111111111111111111111111111111111111111111111111111111111111111111111111111111111111111111111111111111111111111111111111111111111111111111111111111111111111111111111111111111111111111111111111111111111111111111111111111111111111111111111111111111111111111111111111111111111111111111111111111111111111111111111111111111111111111111111111111111111111111111111111111111111111111111111111111111111111111111111",563,0
"FBpp0083366","FBgn0038826","Syp","nucleus; precatalytic spliceosome; ribonucleoprotein granule; postsynapse of neuromuscular junction","GO:0005634; GO:0071011; GO:0035770; GO:0098975","nucleic acid binding; RNA binding; mRNA binding","GO:0003676; GO:0003723; GO:0003729","mRNA splicing, via spliceosome; dorsal appendage formation; negative regulation of synaptic growth at neuromuscular junction; regulation of oskar mRNA translation; oocyte dorsal/ventral axis specification; regulation of neuromuscular synaptic transmission","GO:0000398; GO:0046843; GO:0045886; GO:0046011; GO:0007310; GO:1900073","MAEGNGELLDDINQKADDRGDGERTEDYPKLLEYGLDKKVAGKLDEIYKTGKLAHAELDERALDALKEFPVDGALNVLGQFLESNLEHVSNKSAYLCGVMKTYRQKSRASQQGVAAPATVKGPDEDKIKKILERTGYTLDVTTGQRKYGGPPPHWEGNVPGNGCEVFCGKIPKDMYEDELIPLFENCGIIWDLRLMMDPMTGTNRGYAFVTFTNREAAVNAVRQLDNHEIKPGKCLKINISVPNLRLFVGNIPKSKGKDEILEEFGKLTAGLYEVIIYSSPDDKKKNRGFCFLEYESHKAASLAKRRLGTGRIKVWGCDIIVDWADPQEEPDEQTMSKVKVLYVRNLTQDVSEDKLKEQFEQYGKVERVKKIKDYAFIHFEDRDSAVEAMRGLNGKEIGASNIEVSLAKPPSDKKKKEEILRARERRMMQMMQARPGIVGNLSPTHPSIMSLTPMRPGARMPLRTPIPREYDYFYDFFGFSDYRQGGSFGNNVSYYDDMYRWIDGDYNYYDYPNGGGGGSGGGGGSVSGGTVLPLSAGGSQNSPMASGQRSARGSASGPSASPSLMGVGRGHGITVPRGRVVGQRGSISRLGAQTVPQAAGAAAAAGQAAAAVAQRGATGQGAPAATGGFRGVLPTRPSARGTQHVKPLQNLPVVGKRKFDGGHQNPADVKRRYPSGLIGNGGSWGSLPLPQQPLGTNGEQWYMDTFSAWS",711,0.0113,FALSE,0,NA,NA,NA,NA,NA,NA,NA,NA,"111111111111111111111111111111111111111111111111111111111111111111111111111111111111111111111111111111111111111111111111111111111111111111111111111111111111111111111111111111111111111111111111111111111111111111111111111111111111111111111111111111111111111111111111111111111111111111111111111111111111111111111111111111111111111111111111111111111111111111111111111111111111111111111111111111111111111111111111111111111111111111111111111111111111111111111111111111111111111111111111111111111111111111111111111111111111111111111111111111111111111111111111111111111111111111111111111111111111111111111111111111111111111111111111111111111111111111111111111111111111111111111111111111111111111111111111111111111111111",711,0
"FBpp0083367","FBgn0038826","Syp","nucleus; precatalytic spliceosome; ribonucleoprotein granule; postsynapse of neuromuscular junction","GO:0005634; GO:0071011; GO:0035770; GO:0098975","nucleic acid binding; RNA binding; mRNA binding","GO:0003676; GO:0003723; GO:0003729","mRNA splicing, via spliceosome; dorsal appendage formation; negative regulation of synaptic growth at neuromuscular junction; regulation of oskar mRNA translation; oocyte dorsal/ventral axis specification; regulation of neuromuscular synaptic transmission","GO:0000398; GO:0046843; GO:0045886; GO:0046011; GO:0007310; GO:1900073","MAEGNGELLDDINQKADDRGDGERTEDYPKLLEYGLDKKVAGKLDEIYKTGKLAHAELDERALDALKEFPVDGALNVLGQFLESNLEHVSNKSAYLCGVMKTYRQKSRASQQGVAAPATVKGPDEDKIKKILERTGYTLDVTTGQRKYGGPPPHWEGNVPGNGCEVFCGKIPKDMYEDELIPLFENCGIIWDLRLMMDPMTGTNRGYAFVTFTNREAAVNAVRQLNDFEIRTGKKIGVTISFNNHRLFVGNIPKNRDRDELIEEFSKHAPGLYEVIIYSSPDDKKKNRGFCFLEYESHKAASLAKRRLGTGRIKVWGCDIIVDWADPQEEPDEQTMSKVKVLYVRNLTQDVSEDKLKEQFEQYGKVERVKKIKDYAFIHFEDRDSAVEAMRGLNGKEIGASNIEVSLAKPPSDKKKKEEILRARERRMMQMMQARPGIVGNLSPTHPSIMSLTPMRPGARMPLRTPIPREYVVGKRKFDGGHQNPADVKRRYPSGLIGNGGSWGSLPLPQQPLGTNGEQWYMDTFSAWS",529,0.0132,FALSE,0,NA,NA,NA,NA,NA,NA,NA,NA,"1111111111111111111111111111111111111111111111111111111111111111111111111111111111111111111111111111111111111111111111111111111111111111111111111111111111111111111111111111111111111111111111111111111111111111111111111111111111111111111111111111111111111111111111111111111111111111111111111111111111111111111111111111111111111111111111111111111111111111111111111111111111111111111111111111111111111111111111111111111111111111111111111111111111111111111111111111111111111111111111111111111111111111111111111111111111111111111111111",529,0
"FBpp0083368","FBgn0038826","Syp","nucleus; precatalytic spliceosome; ribonucleoprotein granule; postsynapse of neuromuscular junction","GO:0005634; GO:0071011; GO:0035770; GO:0098975","nucleic acid binding; RNA binding; mRNA binding","GO:0003676; GO:0003723; GO:0003729","mRNA splicing, via spliceosome; dorsal appendage formation; negative regulation of synaptic growth at neuromuscular junction; regulation of oskar mRNA translation; oocyte dorsal/ventral axis specification; regulation of neuromuscular synaptic transmission","GO:0000398; GO:0046843; GO:0045886; GO:0046011; GO:0007310; GO:1900073","MAEGNGELLDDINQKADDRGDGERTEDYPKLLEYGLDKKVAGKLDEIYKTGKLAHAELDERALDALKEFPVDGALNVLGQFLESNLEHVSNKSAYLCGVMKTYRQKSRASQQGVAAPATVKGPDEDKIKKILERTGYTLDVTTGQRKYGGPPPHWEGNVPGNGCEVFCGKIPKDMYEDELIPLFENCGIIWDLRLMMDPMTGTNRGYAFVTFTNREAAVNAVRQLDNHEIKPGKCLKINISVPNLRLFVGNIPKSKGKDEILEEFGKLTAGLYEVIIYSSPDDKKKNRGFCFLEYESHKAASLAKRRLGTGRIKVWGCDIIVDWADPQEEPDEQTMSKVKVLYVRNLTQDVSEDKLKEQFEQYGKVERVKKIKDYAFIHFEDRDSAVEAMRGLNGKEIGASNIEVSLAKPPSDKKKKEEILRARERRMMQMMQARPGIVGNLSPTHPSIMSLTPMRPGARMPLRTPIPREYVVGKRKFDGGHQNPADVKRRYPSGLIGNGGSWGSLPLPQQPLGTNGEQWYMDTFSAWS",529,0.0132,FALSE,0,NA,NA,NA,NA,NA,NA,NA,NA,"1111111111111111111111111111111111111111111111111111111111111111111111111111111111111111111111111111111111111111111111111111111111111111111111111111111111111111111111111111111111111111111111111111111111111111111111111111111111111111111111111111111111111111111111111111111111111111111111111111111111111111111111111111111111111111111111111111111111111111111111111111111111111111111111111111111111111111111111111111111111111111111111111111111111111111111111111111111111111111111111111111111111111111111111111111111111111111111111111",529,0
"FBpp0083369","FBgn0038826","Syp","nucleus; precatalytic spliceosome; ribonucleoprotein granule; postsynapse of neuromuscular junction","GO:0005634; GO:0071011; GO:0035770; GO:0098975","nucleic acid binding; RNA binding; mRNA binding","GO:0003676; GO:0003723; GO:0003729","mRNA splicing, via spliceosome; dorsal appendage formation; negative regulation of synaptic growth at neuromuscular junction; regulation of oskar mRNA translation; oocyte dorsal/ventral axis specification; regulation of neuromuscular synaptic transmission","GO:0000398; GO:0046843; GO:0045886; GO:0046011; GO:0007310; GO:1900073","MLSQMEASKVQKDEGGGEALSRTILKTPSSFRTPSPIPSCSKMAEGNGELLDDINQKADDRGDGERTEDYPKLLEYGLDKKVAGKLDEIYKTGKLAHAELDERALDALKEFPVDGALNVLGQFLESNLEHVSNKSAYLCGVMKTYRQKSRASQQGVAAPATVKGPDEDKIKKILERTGYTLDVTTGQRKYGGPPPHWEGNVPGNGCEVFCGKIPKDMYEDELIPLFENCGIIWDLRLMMDPMTGTNRGYAFVTFTNREAAVNAVRQLDNHEIKPGKCLKINISVPNLRLFVGNIPKSKGKDEILEEFGKLTAGLYEVIIYSSPDDKKKNRGFCFLEYESHKAASLAKRRLGTGRIKVWGCDIIVDWADPQEEPDEQTMSKVKVLYVRNLTQDVSEDKLKEQFEQYGKVERVKKIKDYAFIHFEDRDSAVEAMRGLNGKEIGASNIEVSLAKPPSDKKKKEEILRARERRMMQMMQARPGIVGNLSPTHPSIMSLTPMRPGARMPLRTPIPREYDYFYDFFGFSDYRQGGSFGNNVSYYDDMYRWIDGDYNYYDYPNGGGGGSGGGGGSVSGGTVLPLSAGGSQNSPMASGQRSARGSASGPSASPSLMGVGRGHGITVPRGRVVGQRGSISRLGAQTVPQAAGAAAAAGQAAAAVAQRGATGQGAPAATGGFRGVLPTRPSARGTQHVKPLQNLPAGAAFKTFMEGN",707,0.0071,FALSE,0,NA,NA,NA,NA,NA,NA,NA,NA,"11111111111111111111111111111111111111111111111111111111111111111111111111111111111111111111111111111111111111111111111111111111111111111111111111111111111111111111111111111111111111111111111111111111111111111111111111111111111111111111111111111111111111111111111111111111111111111111111111111111111111111111111111111111111111111111111111111111111111111111111111111111111111111111111111111111111111111111111111111111111111111111111111111111111111111111111111111111111111111111111111111111111111111111111111111111111111111111111111111111111111111111111111111111111111111111111111111111111111111111111111111111111111111111111111111111111111111111111111111111111111111111111111111111111111111111111111111111111",707,0
"FBpp0083370","FBgn0038826","Syp","nucleus; precatalytic spliceosome; ribonucleoprotein granule; postsynapse of neuromuscular junction","GO:0005634; GO:0071011; GO:0035770; GO:0098975","nucleic acid binding; RNA binding; mRNA binding","GO:0003676; GO:0003723; GO:0003729","mRNA splicing, via spliceosome; dorsal appendage formation; negative regulation of synaptic growth at neuromuscular junction; regulation of oskar mRNA translation; oocyte dorsal/ventral axis specification; regulation of neuromuscular synaptic transmission","GO:0000398; GO:0046843; GO:0045886; GO:0046011; GO:0007310; GO:1900073","MLSQMEASKVQKDEGGGEALSRTILKTPSSFRTPSPIPSCSKMAEGNGELLDDINQKADDRGDGERTEDYPKLLEYGLDKKVAGKLDEIYKTGKLAHAELDERALDALKEFPVDGALNVLGQFLESNLEHVSNKSAYLCGVMKTYRQKSRASQQGVAAPATVKGPDEDKIKKILERTGYTLDVTTGQRKYGGPPPHWEGNVPGNGCEVFCGKIPKDMYEDELIPLFENCGIIWDLRLMMDPMTGTNRGYAFVTFTNREAAVNAVRQLDNHEIKPGKCLKINISVPNLRLFVGNIPKSKGKDEILEEFGKLTAGLYEVIIYSSPDDKKKNRGFCFLEYESHKAASLAKRRLGTGRIKVWGCDIIVDWADPQEEPDEQTMSKVKVLYVRNLTQDVSEDKLKEQFEQYGKVERVKKIKDYAFIHFEDRDSAVEAMRGLNGKEIGASNIEVSLAKPPSDKKKKEEILRARERRMMQMMQARPGIVGNLSPTHPSIMSLTPMRPGARMPLRTPIPREYVVGKRKFDGGHQNPADVKRRYPSGLIGNGGSWGSLPLPQQPLGTNGEQWYMDTFSAWS",571,0.0123,FALSE,0,NA,NA,NA,NA,NA,NA,NA,NA,"1111111111111111111111111111111111111111111111111111111111111111111111111111111111111111111111111111111111111111111111111111111111111111111111111111111111111111111111111111111111111111111111111111111111111111111111111111111111111111111111111111111111111111111111111111111111111111111111111111111111111111111111111111111111111111111111111111111111111111111111111111111111111111111111111111111111111111111111111111111111111111111111111111111111111111111111111111111111111111111111111111111111111111111111111111111111111111111111111111111111111111111111111111111111111111111",571,0
"FBpp0112168","FBgn0038826","Syp","nucleus; precatalytic spliceosome; ribonucleoprotein granule; postsynapse of neuromuscular junction","GO:0005634; GO:0071011; GO:0035770; GO:0098975","nucleic acid binding; RNA binding; mRNA binding","GO:0003676; GO:0003723; GO:0003729","mRNA splicing, via spliceosome; dorsal appendage formation; negative regulation of synaptic growth at neuromuscular junction; regulation of oskar mRNA translation; oocyte dorsal/ventral axis specification; regulation of neuromuscular synaptic transmission","GO:0000398; GO:0046843; GO:0045886; GO:0046011; GO:0007310; GO:1900073","MNKFEMAEGNGELLDDINQKADDRGDGERTEDYPKLLEYGLDKKVAGKLDEIYKTGKLAHAELDERALDALKEFPVDGALNVLGQFLESNLEHVSNKSAYLCGVMKTYRQKSRASQQGVAAPATVKGPDEDKIKKILERTGYTLDVTTGQRKYGGPPPHWEGNVPGNGCEVFCGKIPKDMYEDELIPLFENCGIIWDLRLMMDPMTGTNRGYAFVTFTNREAAVNAVRQLDNHEIKPGKCLKINISVPNLRLFVGNIPKSKGKDEILEEFGKLTAGLYEVIIYSSPDDKKKNRGFCFLEYESHKAASLAKRRLGTGRIKVWGCDIIVDWADPQEEPDEQTMSKVKVLYVRNLTQDVSEDKLKEQFEQYGKVERVKKIKDYAFIHFEDRDSAVEAMRGLNGKEIGASNIEVSLAKPPSDKKKKEEILRARERRMMQMMQARPGIVGNLSPTHPSIMSLTPMRPGARMPLRTPIPREYVVGKRKFDGGHQNPADVKRRYPSGLIGNGGSWGSLPLPQQPLGTNGEQWYMDTFSAWS",534,0.0131,FALSE,0,NA,NA,NA,NA,NA,NA,NA,NA,"111111111111111111111111111111111111111111111111111111111111111111111111111111111111111111111111111111111111111111111111111111111111111111111111111111111111111111111111111111111111111111111111111111111111111111111111111111111111111111111111111111111111111111111111111111111111111111111111111111111111111111111111111111111111111111111111111111111111111111111111111111111111111111111111111111111111111111111111111111111111111111111111111111111111111111111111111111111111111111111111111111111111111111111111111111111111111111111111111111",534,0
"FBpp0306764","FBgn0038826","Syp","nucleus; precatalytic spliceosome; ribonucleoprotein granule; postsynapse of neuromuscular junction","GO:0005634; GO:0071011; GO:0035770; GO:0098975","nucleic acid binding; RNA binding; mRNA binding","GO:0003676; GO:0003723; GO:0003729","mRNA splicing, via spliceosome; dorsal appendage formation; negative regulation of synaptic growth at neuromuscular junction; regulation of oskar mRNA translation; oocyte dorsal/ventral axis specification; regulation of neuromuscular synaptic transmission","GO:0000398; GO:0046843; GO:0045886; GO:0046011; GO:0007310; GO:1900073","MLSQMEASKVQKDEGGGEALSRTILKTPSSFRTPSPIPSCSKMAEGNGELLDDINQKADDRGDGERTEDYPKLLEYGLDKKVAGKLDEIYKTGKLAHAELDERALDALKEFPVDGALNVLGQFLESNLEHVSNKSAYLCGVMKTYRQKSRASQQGVAAPATVKGPDEDKIKKILERTGYTLDVTTGQRKYGGPPPHWEGNVPGNGCEVFCGKIPKDMYEDELIPLFENCGIIWDLRLMMDPMTGTNRGYAFVTFTNREAAVNAVRQLNDFEIRTGKKIGVTISFNNHRLFVGNIPKNRDRDELIEEFSKHAPGLYEVIIYSSPDDKKKNRGFCFLEYESHKAASLAKRRLGTGRIKVWGCDIIVDWADPQEEPDEQTMSKVKVLYVRNLTQDVSEDKLKEQFEQYGKVERVKKIKDYAFIHFEDRDSAVEAMRGLNGKEIGASNIEVSLAKPPSDKKKKEEILRARERRMMQMMQARPGIVGFETLSPYRNLSPTHPSIMSLTPMRPGARMPLRTPIPREYDYFYDFFGFSDYRQGGSFGNNVSYYDDMYRWIDGDYNYYDYPNGGGGGSGGGGGSVSGGTVLPLSAGGSQNSPMASGQRSARGSASGPSASPSLMGVGRGHGITVPRGRVVGQRGSISRLGAQTVPQAAGAAAAAGQAAAAVAQRGATGQGAPAATGGFRGVLPTRPSARGTQHVKPLQNLPVVGKRKFDGGHQNPADVKRRYPSGLIGNGGSWGSLPLPQQPLGTNGEQWYMDTFSAWS",761,0.0105,FALSE,0,NA,NA,NA,NA,NA,NA,NA,NA,"11111111111111111111111111111111111111111111111111111111111111111111111111111111111111111111111111111111111111111111111111111111111111111111111111111111111111111111111111111111111111111111111111111111111111111111111111111111111111111111111111111111111111111111111111111111111111111111111111111111111111111111111111111111111111111111111111111111111111111111111111111111111111111111111111111111111111111111111111111111111111111111111111111111111111111111111111111111111111111111111111111111111111111111111111111111111111111111111111111111111111111111111111111111111111111111111111111111111111111111111111111111111111111111111111111111111111111111111111111111111111111111111111111111111111111111111111111111111111111111111111111111111111111111111111111111111111111",761,0
"FBpp0306765","FBgn0038826","Syp","nucleus; precatalytic spliceosome; ribonucleoprotein granule; postsynapse of neuromuscular junction","GO:0005634; GO:0071011; GO:0035770; GO:0098975","nucleic acid binding; RNA binding; mRNA binding","GO:0003676; GO:0003723; GO:0003729","mRNA splicing, via spliceosome; dorsal appendage formation; negative regulation of synaptic growth at neuromuscular junction; regulation of oskar mRNA translation; oocyte dorsal/ventral axis specification; regulation of neuromuscular synaptic transmission","GO:0000398; GO:0046843; GO:0045886; GO:0046011; GO:0007310; GO:1900073","MNKFVSHNLGRDPYRTFSPEMYPLSSPLGPHGTEMAEGNGELLDDINQKADDRGDGERTEDYPKLLEYGLDKKVAGKLDEIYKTGKLAHAELDERALDALKEFPVDGALNVLGQFLESNLEHVSNKSAYLCGVMKTYRQKSRASQQGVAAPATVKGPDEDKIKKILERTGYTLDVTTGQRKYGGPPPHWEGNVPGNGCEVFCGKIPKDMYEDELIPLFENCGIIWDLRLMMDPMTGTNRGYAFVTFTNREAAVNAVRQLDNHEIKPGKCLKINISVPNLRLFVGNIPKSKGKDEILEEFGKLTAGLYEVIIYSSPDDKKKNRGFCFLEYESHKAASLAKRRLGTGRIKVWGCDIIVDWADPQEEPDEQTMSKVKVLYVRNLTQDVSEDKLKEQFEQYGKVERVKKIKDYAFIHFEDRDSAVEAMRGLNGKEIGASNIEVSLAKPPSDKKKKEEILRARERRMMQMMQARPGIVGFETLSPYRNLSPTHPSIMSLTPMRPGARMPLRTPIPREYDYFYDFFGFSDYRQGGSFGNNVSYYDDMYRWIDGDYNYYDYPNGGGGGSGGGGGSVSGGTVLPLSAGGSQNSPMASGQRSARGSASGPSASPSLMGVGRGHGITVPRGRVVGQRGSISRLGAQTVPQAAGAAAAAGQAAAAVAQRGATGQGAPAATGGFRGVLPTRPSARGTQHVKPLQNLPVVGKRKFDGGHQNPADVKRRYPSGLIGNGGSWGSLPLPQQPLGTNGEQWYMDTFSAWS",753,0.0106,FALSE,0,NA,NA,NA,NA,NA,NA,NA,NA,"111111111111111111111111111111111111111111111111111111111111111111111111111111111111111111111111111111111111111111111111111111111111111111111111111111111111111111111111111111111111111111111111111111111111111111111111111111111111111111111111111111111111111111111111111111111111111111111111111111111111111111111111111111111111111111111111111111111111111111111111111111111111111111111111111111111111111111111111111111111111111111111111111111111111111111111111111111111111111111111111111111111111111111111111111111111111111111111111111111111111111111111111111111111111111111111111111111111111111111111111111111111111111111111111111111111111111111111111111111111111111111111111111111111111111111111111111111111111111111111111111111111111111111111111111111111",753,0
"FBpp0306766","FBgn0038826","Syp","nucleus; precatalytic spliceosome; ribonucleoprotein granule; postsynapse of neuromuscular junction","GO:0005634; GO:0071011; GO:0035770; GO:0098975","nucleic acid binding; RNA binding; mRNA binding","GO:0003676; GO:0003723; GO:0003729","mRNA splicing, via spliceosome; dorsal appendage formation; negative regulation of synaptic growth at neuromuscular junction; regulation of oskar mRNA translation; oocyte dorsal/ventral axis specification; regulation of neuromuscular synaptic transmission","GO:0000398; GO:0046843; GO:0045886; GO:0046011; GO:0007310; GO:1900073","MAEGNGELLDDINQKADDRGDGERTEDYPKLLEYGLDKKVAGKLDEIYKTGKLAHAELDERALDALKEFPVDGALNVLGQFLESNLEHVSNKSAYLCGVMKTYRQKSRASQQGVAAPATVKGPDEDKIKKILERTGYTLDVTTGQRKYGGPPPHWEGNVPGNGCEVFCGKIPKDMYEDELIPLFENCGIIWDLRLMMDPMTGTNRGYAFVTFTNREAAVNAVRQLDNHEIKPGKCLKINISVPNLRLFVGNIPKSKGKDEILEEFGKLTAGLYEVIIYSSPDDKKKNRGFCFLEYESHKAASLAKRRLGTGRIKVWGCDIIVDWADPQEEPDEQTMSKVKVLYVRNLTQDVSEDKLKEQFEQYGKVERVKKIKDYAFIHFEDRDSAVEAMRGLNGKEIGASNIEVSLAKPPSDKKKKEEILRARERRMMQMMQARPGIVGNLSPTHPSIMSLTPMRPGARMPLRTPIPREYDYFYDFFGFSDYRQGGSFGNNVSYYDDMYRWIDGDYNYYDYPNGGGGGSGGGGGSVSGGTVLPLSAGGSQNSPMASGQRSARGSASGPSASPSLMGVGRGHGITVPRGRVVGQRGSISRLGAQTVPQAAGAAAAAGQAAAAVAQRGATGQGAPAATGGFRGVLPTRPSARGTQHVKPLQNLPVVGKRKFDGGHQNPADVKRRYPSGLIGNGGSWGSLPLPQQPLGTNGEQWYMDTFSAWS",711,0.0113,FALSE,0,NA,NA,NA,NA,NA,NA,NA,NA,"111111111111111111111111111111111111111111111111111111111111111111111111111111111111111111111111111111111111111111111111111111111111111111111111111111111111111111111111111111111111111111111111111111111111111111111111111111111111111111111111111111111111111111111111111111111111111111111111111111111111111111111111111111111111111111111111111111111111111111111111111111111111111111111111111111111111111111111111111111111111111111111111111111111111111111111111111111111111111111111111111111111111111111111111111111111111111111111111111111111111111111111111111111111111111111111111111111111111111111111111111111111111111111111111111111111111111111111111111111111111111111111111111111111111111111111111111111111111111",711,0
"FBpp0306767","FBgn0038826","Syp","nucleus; precatalytic spliceosome; ribonucleoprotein granule; postsynapse of neuromuscular junction","GO:0005634; GO:0071011; GO:0035770; GO:0098975","nucleic acid binding; RNA binding; mRNA binding","GO:0003676; GO:0003723; GO:0003729","mRNA splicing, via spliceosome; dorsal appendage formation; negative regulation of synaptic growth at neuromuscular junction; regulation of oskar mRNA translation; oocyte dorsal/ventral axis specification; regulation of neuromuscular synaptic transmission","GO:0000398; GO:0046843; GO:0045886; GO:0046011; GO:0007310; GO:1900073","MNKFVSHNLGRDPYRTFSPEMYPLSSPLGPHGTEMAEGNGELLDDINQKADDRGDGERTEDYPKLLEYGLDKKVAGKLDEIYKTGKLAHAELDERALDALKEFPVDGALNVLGQFLESNLEHVSNKSAYLCGVMKTYRQKSRASQQGVAAPATVKGPDEDKIKKILERTGYTLDVTTGQRKYGGPPPHWEGNVPGNGCEVFCGKIPKDMYEDELIPLFENCGIIWDLRLMMDPMTGTNRGYAFVTFTNREAAVNAVRQLNDFEIRTGKKIGVTISFNNHRLFVGNIPKNRDRDELIEEFSKHAPGLYEVIIYSSPDDKKKNRGFCFLEYESHKAASLAKRRLGTGRIKVWGCDIIVDWADPQEEPDEQTMSKVKVLYVRNLTQDVSEDKLKEQFEQYGKVERVKKIKDYAFIHFEDRDSAVEAMRGLNGKEIGASNIEVSLAKPPSDKKKKEEILRARERRMMQMMQARPGIVGNLSPTHPSIMSLTPMRPGARMPLRTPIPREYDYFYDFFGFSDYRQGGSFGNNVSYYDDMYRWIDGDYNYYDYPNGGGGGSGGGGGSVSGGTVLPLSAGGSQNSPMASGQRSARGSASGPSASPSLMGVGRGHGITVPRGRVVGQRGSISRLGAQTVPQAAGAAAAAGQAAAAVAQRGATGQGAPAATGGFRGVLPTRPSARGTQHVKPLQNLPAGAAFKTFMEGN",699,0.0072,FALSE,0,NA,NA,NA,NA,NA,NA,NA,NA,"111111111111111111111111111111111111111111111111111111111111111111111111111111111111111111111111111111111111111111111111111111111111111111111111111111111111111111111111111111111111111111111111111111111111111111111111111111111111111111111111111111111111111111111111111111111111111111111111111111111111111111111111111111111111111111111111111111111111111111111111111111111111111111111111111111111111111111111111111111111111111111111111111111111111111111111111111111111111111111111111111111111111111111111111111111111111111111111111111111111111111111111111111111111111111111111111111111111111111111111111111111111111111111111111111111111111111111111111111111111111111111111111111111111111111111111111111",699,0
"FBpp0306768","FBgn0038826","Syp","nucleus; precatalytic spliceosome; ribonucleoprotein granule; postsynapse of neuromuscular junction","GO:0005634; GO:0071011; GO:0035770; GO:0098975","nucleic acid binding; RNA binding; mRNA binding","GO:0003676; GO:0003723; GO:0003729","mRNA splicing, via spliceosome; dorsal appendage formation; negative regulation of synaptic growth at neuromuscular junction; regulation of oskar mRNA translation; oocyte dorsal/ventral axis specification; regulation of neuromuscular synaptic transmission","GO:0000398; GO:0046843; GO:0045886; GO:0046011; GO:0007310; GO:1900073","MAEGNGELLDDINQKADDRGDGERTEDYPKLLEYGLDKKVAGKLDEIYKTGKLAHAELDERALDALKEFPVDGALNVLGQFLESNLEHVSNKSAYLCGVMKTYRQKSRASQQGVAAPATVKGPDEDKIKKILERTGYTLDVTTGQRKYGGPPPHWEGNVPGNGCEVFCGKIPKDMYEDELIPLFENCGIIWDLRLMMDPMTGTNRGYAFVTFTNREAAVNAVRQLDNHEIKPGKCLKINISVPNLRLFVGNIPKSKGKDEILEEFGKLTAGLYEVIIYSSPDDKKKNRGFCFLEYESHKAASLAKRRLGTGRIKVWGCDIIVDWADPQEEPDEQTMSKVKVLYVRNLTQDVSEDKLKEQFEQYGKVERVKKIKDYAFIHFEDRDSAVEAMRGLNGKEIGASNIEVSLAKPPSDKKKKEEILRARERRMMQMMQARPGIVGNLSPTHPSIMSLTPMRPGARMPLRTPIPREYDYFYDFFGFSDYRQGGSFGNNVSYYDDMYRWIDGDYNYYDYPNGGGGGSGGGGGSVSGGTVLPLSAGGSQNSPMASGQRSARGSASGPSASPSLMGVGRGHGITVPRGRVVGQRGSISRLGAQTVPQAAGAAAAAGQAAAAVAQRGATGQGAPAATGGFRGVLPTRPSARGTQHVKPLQNLPAGAAFKTFMEGN",665,0.0075,FALSE,0,NA,NA,NA,NA,NA,NA,NA,NA,"11111111111111111111111111111111111111111111111111111111111111111111111111111111111111111111111111111111111111111111111111111111111111111111111111111111111111111111111111111111111111111111111111111111111111111111111111111111111111111111111111111111111111111111111111111111111111111111111111111111111111111111111111111111111111111111111111111111111111111111111111111111111111111111111111111111111111111111111111111111111111111111111111111111111111111111111111111111111111111111111111111111111111111111111111111111111111111111111111111111111111111111111111111111111111111111111111111111111111111111111111111111111111111111111111111111111111111111111111111111111111111",665,0
"FBpp0306770","FBgn0038826","Syp","nucleus; precatalytic spliceosome; ribonucleoprotein granule; postsynapse of neuromuscular junction","GO:0005634; GO:0071011; GO:0035770; GO:0098975","nucleic acid binding; RNA binding; mRNA binding","GO:0003676; GO:0003723; GO:0003729","mRNA splicing, via spliceosome; dorsal appendage formation; negative regulation of synaptic growth at neuromuscular junction; regulation of oskar mRNA translation; oocyte dorsal/ventral axis specification; regulation of neuromuscular synaptic transmission","GO:0000398; GO:0046843; GO:0045886; GO:0046011; GO:0007310; GO:1900073","MAEGNGELLDDINQKADDRGDGERTEDYPKLLEYGLDKKVAGKLDEIYKTGKLAHAELDERALDALKEFPVDGALNVLGQFLESNLEHVSNKSAYLCGVMKTYRQKSRASQQGVAAPATVKGPDEDKIKKILERTGYTLDVTTGQRKYGGPPPHWEGNVPGNGCEVFCGKIPKDMYEDELIPLFENCGIIWDLRLMMDPMTGTNRGYAFVTFTNREAAVNAVRQLDNHEIKPGKCLKINISVPNLRLFVGNIPKSKGKDEILEEFGKLTAGLYEVIIYSSPDDKKKNRGFCFLEYESHKAASLAKRRLGTGRIKVWGCDIIVDWADPQEEPDEQTMSKVKVLYVRNLTQDVSEDKLKEQFEQYGKVERVKKIKDYAFIHFEDRDSAVEAMRGLNGKEIGASNIEVSLAKPPSDKKKKEEILRARERRMMQMMQARPGIVGNLSPTHPSIMSLTPMRPGARMPLRTPIPREYDYFYDFFGFSDYRQGGSFGNNVSYYDDMYRWIDGDYNYYDYPNGGGGGSGGGGGSVSGGTVLPLSAGGSQNSPMASGQRSARGSASGPSASPSLMGVGRGHGITVPRGRVVGQRGSISRLGAQTVPQAAGAAAAAGQAAAAVAQRGATGQGAPAATGGFRGVLPTRPSARGTQHVKPLQNLPAGAAFKTFMEGN",665,0.0075,FALSE,0,NA,NA,NA,NA,NA,NA,NA,NA,"11111111111111111111111111111111111111111111111111111111111111111111111111111111111111111111111111111111111111111111111111111111111111111111111111111111111111111111111111111111111111111111111111111111111111111111111111111111111111111111111111111111111111111111111111111111111111111111111111111111111111111111111111111111111111111111111111111111111111111111111111111111111111111111111111111111111111111111111111111111111111111111111111111111111111111111111111111111111111111111111111111111111111111111111111111111111111111111111111111111111111111111111111111111111111111111111111111111111111111111111111111111111111111111111111111111111111111111111111111111111111111",665,0
"FBpp0306771","FBgn0038826","Syp","nucleus; cytosol; precatalytic spliceosome; basal cortex; ribonucleoprotein granule; postsynapse of neuromuscular junction; ribonucleoprotein complex","GO:0005634; GO:0005829; GO:0071011; GO:0045180; GO:0035770; GO:0098975; GO:1990904","nucleic acid binding; RNA binding; mRNA binding","GO:0003676; GO:0003723; GO:0003729","mRNA splicing, via spliceosome; dorsal appendage formation; negative regulation of synaptic growth at neuromuscular junction; regulation of oskar mRNA translation; oocyte dorsal/ventral axis specification; regulation of neuromuscular synaptic transmission","GO:0000398; GO:0046843; GO:0045886; GO:0046011; GO:0007310; GO:1900073","MLSQMEASKVQKDEGGGEALSRTILKTPSSFRTPSPIPSCSKMAEGNGELLDDINQKADDRGDGERTEDYPKLLEYGLDKKVAGKLDEIYKTGKLAHAELDERALDALKEFPVDGALNVLGQFLESNLEHVSNKSAYLCGVMKTYRQKSRASQQGVAAPATVKGPDEDKIKKILERTGYTLDVTTGQRKYGGPPPHWEGNVPGNGCEVFCGKIPKDMYEDELIPLFENCGIIWDLRLMMDPMTGTNRGYAFVTFTNREAAVNAVRQLDNHEIKPGKCLKINISVPNLRLFVGNIPKSKGKDEILEEFGKLTAGLYEVIIYSSPDDKKKNRGFCFLEYESHKAASLAKRRLGTGRIKVWGCDIIVDWADPQEEPDEQTMSKVKVLYVRNLTQDVSEDKLKEQFEQYGKVERVKKIKDYAFIHFEDRDSAVEAMRGLNGKEIGASNIEVSLAKPPSDKKKKEEILRARERRMMQMMQARPGIVGFETLSPYRNLSPTHPSIMSLTPMRPGARMPLRTPIPREYDYFYDFFGFSDYRQGGSFGNNVSYYDDMYRWIDGDYNYYDYPNGGGGGSGGGGGSVSGGTVLPLSAGGSQNSPMASGQRSARGSASGPSASPSLMGVGRGHGITVPRGRVVGQRGSISRLGAQTVPQAAGAAAAAGQAAAAVAQRGATGQGAPAATGGFRGVLPTRPSARGTQHVKPLQNLPVVGKRKFDGGHQNPADVKRRYPSGLIGNGGSWGSLPLPQQPLGTNGEQWYMDTFSAWS",761,0.0105,FALSE,0,NA,NA,NA,NA,NA,NA,NA,NA,"11111111111111111111111111111111111111111111111111111111111111111111111111111111111111111111111111111111111111111111111111111111111111111111111111111111111111111111111111111111111111111111111111111111111111111111111111111111111111111111111111111111111111111111111111111111111111111111111111111111111111111111111111111111111111111111111111111111111111111111111111111111111111111111111111111111111111111111111111111111111111111111111111111111111111111111111111111111111111111111111111111111111111111111111111111111111111111111111111111111111111111111111111111111111111111111111111111111111111111111111111111111111111111111111111111111111111111111111111111111111111111111111111111111111111111111111111111111111111111111111111111111111111111111111111111111111111111",761,0
