"ensembl_peptide_id","ensembl_gene_id","uniprotsptrembl","external_gene_name","kegg_enzyme","go_list_MF","go_ids_MF","go_list_CC","go_ids_CC","go_list_BP","go_ids_BP","peptideSeq","PeptideLength","aaComp","hmmHasPolyAA","numPolyAA","indiciesPolyAA","translationsPolyAA","lengthPolyAA","avgLengthPolyAA","maxLengthPolyAA","polyAARegionAAFractions","avgPolyAARegionAAFractions","maxPolyAARegionAAFractions","annotatedSequence"
"FBpp0111720","FBgn0001316","A8JNH2","klar",NA,"compound eye photoreceptor development; adult chitin-containing cuticle pigmentation; lipid transport; lipid droplet transport along microtubule; locomotion; nuclear migration; compound eye morphogenesis; lumen formation, open tracheal system; membrane organization; nucleus organization; microtubule anchoring; nucleus localization; flight; larval visceral muscle development; regulation of intracellular transport; tube morphogenesis; negative regulation of pole plasm oskar mRNA localization","GO:0042051; GO:0048085; GO:0006869; GO:0031887; GO:0040011; GO:0007097; GO:0001745; GO:0035149; GO:0061024; GO:0006997; GO:0034453; GO:0051647; GO:0060361; GO:0007523; GO:0032386; GO:0035239; GO:0045855","cytoplasm; perinuclear region of cytoplasm; nuclear envelope; nuclear outer membrane; lipid droplet; cytoplasmic microtubule","GO:0005737; GO:0048471; GO:0005635; GO:0005640; GO:0005811; GO:0005881","kinesin binding; protein binding","GO:0019894; GO:0005515","MEMQQENETGREGVIPNSEKEVALISNQETEKAAMISGGKEGSVRDLESPNETATTQKIEHTTKPLKLDGIFAMPATPPNRAGLTTKSASSSRSSSLKKQRRGSRGSANLNVAGTGDGAPKRSAPGGGQLNYGTNSVGNDLMKQSQSMTSLKASNEEQQESRDVIQAKLHLERPYNSLKKNSHSNKMHRYSWGSGNSQCSSTSLHSSATLGLGSSGKDDLWAAIQTNYNYIMDTNLLDTCKEARCEIEGAATVLEKSSECSFKMLDETQRPEGLCEDPKELRRWLREMENKLESSPTITELTLFGNAELQRHLAVHSVLYHEIASHARVVSSCIRAAEKEQQLQQQQQLSSQQPASLTSNCSSESTSESATKSSSLSSGFASDPVTTPIGTAAAAPPSSSTHPSKKGEGNLERLRDRYHLLYLKAFELQLCLDNLLRKRSSAANGLDDDEDEEEDTEDDSFGYEGEATEDDLNEVNSDLDLENSESKSATPAELILQRCQIAATQIVCGLDETQSQSRSQQVPSQAKSPSADQPRDCLAPQKPGDEADEELEEEDEDPDIGTDVVDFLIAKRSWRQVNHPNPSGTATLTDFEADSESSDFEQVQQLSRRGLPPTVGSTRRVLNLIEMPQSSNSNISSSNSLLQQRNHNIGNKMLPNKAHGKNIAVAVITPNSHGNTSHGHGLGHGLGHELNKSPLGLRKTRHHHNDTSKFNRSNRKSKNCAIFYFKHLDTDNEQGNAAGSDLQSEDDPSLIHRRRAGGDILKSADASTDDDDEGWLYTATAAATLEVATAATAAPTAAAATSSVDGLQSTAVSSTTATGGPLPPSDDSDKENKVALVSATTITAAATATATSIATLHSSNYDSSSACSSSNSNSNSNSNSNGRLTETSATSRVTQLQMQIHSQSQSQSQMELQINGNAIDGRHIISNNNCYSSMQHQPQNNNEGEAAEDLAKIKMGDDEAAADMANGNATKSQQMSNGVYSRADSCNFTVWAAETVASCHLPPRSPAKSAKSSKSQASNATVSGSTLVSPVKGKVSHDSIKQLVLEAEHLVRDAQETALKTPTKQKHSIIKISSTVKKREVTMPHPIKQRVEEWLEHQPSTPQLLTRSHTHELLPSCKPDDCEASGEASETDSVPQAGAGVNGGAPNGAGSDTSEGFTDSIATCMQTSTNSYGNSTERIGGSAEPIGQPVTPLGFGSSNQSLNVKIVKRSQTRRKSERPWSVSCLSQLTTDAAQLTTARIVENSPSGLASHSISESALDSLSPGPRPRAASSSGTGSNAAKKADSKGSLRRRKARKKRISAASAGRKSDSGSELGGDLTQTLMKSCESMSSQQLQEFTNALLSIQKGAVVAPLSPKGDVSGVPSLADGEGGETQLMLPKFRVGSFTTAGLLATDTRLGALAALSNYMNEDEQQAELSTEDHHSSISETAWDNYQEKYNSENYSEGFDSDAARRLLEFGDDYRNFIDSQSDCCSSLSAANNLDSFSPPRMDSLQKHELKTLHINQDTITSTVDHARRQRALELQYERRRKTLEVRRKSCQDMDESLMASPQSDQQQQQLQVTPSLSASATALMTTPKIQSTSHQISHRAESVGRKLDFGGMSHSAQSLLRRTSESDTSTRRRRTVTADERRRSSRNLEKCIKLIPATTSSSSGSDSEDGEQEMRSLLQQSRDRLDDTRALKIRCHLLRPEDYNEIINTCRDNIRCLEAVLRGPPGTVLSNHCAGQTKVSACLRRRRRRRLGTELPGPTESGDSRQMVHMVECQCAPITRFVARVIEFVLDVGNMLEHFALYRFLAGTLRSLYELVDRPVGGRLGRFFDGLRGLF",1823,0.0631,TRUE,1,"1732:1738","RRRRRRR",7,7,7,1,1,1,Inf
"FBpp0310130","FBgn0001316","X2J8G9","klar",NA,"compound eye photoreceptor development; adult chitin-containing cuticle pigmentation; lipid transport; lipid droplet transport along microtubule; locomotion; nuclear migration; compound eye morphogenesis; lumen formation, open tracheal system; membrane organization; nucleus organization; microtubule anchoring; nucleus localization; flight; larval visceral muscle development; regulation of intracellular transport; tube morphogenesis; negative regulation of pole plasm oskar mRNA localization","GO:0042051; GO:0048085; GO:0006869; GO:0031887; GO:0040011; GO:0007097; GO:0001745; GO:0035149; GO:0061024; GO:0006997; GO:0034453; GO:0051647; GO:0060361; GO:0007523; GO:0032386; GO:0035239; GO:0045855","cytoplasm; perinuclear region of cytoplasm; nuclear envelope; nuclear outer membrane; lipid droplet; cytoplasmic microtubule","GO:0005737; GO:0048471; GO:0005635; GO:0005640; GO:0005811; GO:0005881","kinesin binding; protein binding","GO:0019894; GO:0005515","MPQSSNSNISSSNSLLQQRNHNIGNKMLPNKAHGKNIAVAVITPNSHGNTSHGHGLGHGLGHELNKSPLGLRKTRHHHNDTSKFNRSNRKSKNCAIFYFKHLDTDNEQGNAAGSDLQSEDDPSLIHRRRAGGDILKSADASTDDDDEGWLYTATAAATLEVATAATAAPTAAAATSSVDGLQSTAVSSTTATGGPLPPSDDSDKENKVALVSATTITAAATATATSIATLHSSNYDSSSACSSSNSNSNSNSNSNGRLTETSATSRVTQLQMQIHSQSQSQSQMELQINGNAIDGRHIISNNNCYSSMQHQPQNNNEGEAAEDLAKIKMGDDEAAADMANGNATKSQQMSNGVYSRADSCNFTVWAAETVASCHLPPRSPAKSAKSSKSQASNATVSGSTLVSPVKGKVSHDSIKQLVLEAEHLVRDAQETALKTPTKQKHSIIKISSTVKKREVTMPHPIKQRVEEWLEHQPSTPQLLTRSHTHELLPSCKPDDCEASGEASETDSVPQAGAGVNGGAPNGAGSDTSEGFTDSIATCMQTSTNSYGNSTERIGGSAEPIGQPVTPLGFGSSNQSLNVKIVKRSQTRRKSERPWSVSCLSQLTTDAAQLTTARIVENSPSGLASHSISESALDSLSPGPRPRAASSSGTGSNAAKKADSKGSLRRRKARKKRISAASAGRKSDSGSELGGDLTQTLMKSCESMSSQQLQEFTNALLSIQKGAVVAPLSPKGDVSGVPSLADGEGGETQLMLPKFRVGSFTTAGLLATDTRLGALAALSNYMNEDEQQAELSTEDHHSSISETAWDNYQEKYNSENYSEGFDSDAARRLLEFGDDYRNFIDSQSDCCSSLSAANNLDSFSPPRMDSLQKHELKTLHINQDTITSTVDHARRQRALELQYERRRKTLEVRRKSCQDMDESLMASPQSDQQQQQLQVTPSLSASATALMTTPKIQSTSHQISHRAESVGRKLDFGGMSHSAQSLLRRTSESDTSTRRRRTVTADERRRSSRNLEKCIKLIPATTSSSSGSDSEDGEQEMRSLLQQSRDRLDDTRALKIRCHLLRPEDYNEIINTCRDNIRCLEAVLRGPPGTVLSNHCAGQTKVSACLRRRRRRRLGTELPGPTESGDSRQMVHMVECQCAPITRFVARVIEFVLDVGNMLEHFALYRFLAGTLRSLYELVDRPVGGRLGRFFDGLRGLF",1197,0.0685,TRUE,1,"1106:1112","RRRRRRR",7,7,7,1,1,1,Inf
"FBpp0072464","FBgn0001316","Q9W0Q4","klar",NA,"integral component of membrane; cytoplasm; perinuclear region of cytoplasm; nuclear envelope; nuclear outer membrane; membrane; lipid droplet; cytoplasmic microtubule","GO:0016021; GO:0005737; GO:0048471; GO:0005635; GO:0005640; GO:0016020; GO:0005811; GO:0005881","compound eye photoreceptor development; adult chitin-containing cuticle pigmentation; lipid transport; lipid droplet transport along microtubule; locomotion; nuclear migration; compound eye morphogenesis; lumen formation, open tracheal system; membrane organization; nucleus organization; microtubule anchoring; nucleus localization; flight; larval visceral muscle development; regulation of intracellular transport; tube morphogenesis; negative regulation of pole plasm oskar mRNA localization","GO:0042051; GO:0048085; GO:0006869; GO:0031887; GO:0040011; GO:0007097; GO:0001745; GO:0035149; GO:0061024; GO:0006997; GO:0034453; GO:0051647; GO:0060361; GO:0007523; GO:0032386; GO:0035239; GO:0045855","kinesin binding; protein binding","GO:0019894; GO:0005515","MEMQQENETGREGVIPNSEKEVALISNQETEKAAMISGGKEGSVRDLESPNETATTQKIEHTTKPLKLDGIFAMPATPPNRAGLTTKSASSSRSSSLKKQRRGSRGSANLNVAGTGDGAPKRSAPGGGQLNYGTNSVGNDLMKQSQSMTSLKASNEEQQESRDVIQAKLHLERPYNSLKKNSHSNKMHRYSWGSGNSQCSSTSLHSSATLGLGSSGKDDLWAAIQTNYNYIMDTNLLDTCKEARCEIEGAATVLEKSSECSFKMLDETQRPEGLCEDPKELRRWLREMENKLESSPTITELTLFGNAELQRHLAVHSVLYHEIASHARVVSSCIRAAEKEQQLQQQQQLSSQQPASLTSNCSSESTSESATKSSSLSSGFASDPVTTPIGTAAAAPPSSSTHPSKKGEGNLERLRDRYHLLYLKAFELQLCLDNLLRKRSSAANGLDDDEDEEEDTEDDSFGYEGEATEDDLNEVNSDLDLENSESKSATPAELILQRCQIAATQIVCGLDETQSQSRSQQVPSQAKSPSADQPRDCLAPQKPGDEADEELEEEDEDPDIGTDVVDFLIAKRSWRQVNHPNPSGTATLTDFEADSESSDFEQVQQLSRRGLPPTVGSTRRVLNLIEMPQSSNSNISSSNSLLQQRNHNIGNKMLPNKAHGKNIAVAVITPNSHGNTSHGHGLGHGLGHELNKSPLGLRKTRHHHNDTSKFNRSNRKSKNCAIFYFKHLDTDNEQGNAAGSDLQSEDDPSLIHRRRAGGDILKSADASTDDDDEGWLYTATAAATLEVATAATAAPTAAAATSSVDGLQSTAVSSTTATGGPLPPSDDSDKENKVALVSATTITAAATATATSIATLHSSNYDSSSACSSSNSNSNSNSNSNGRLTETSATSRVTQLQMQIHSQSQSQSQMELQINGNAIDGRHIISNNNCYSSMQHQPQNNNEGEAAEDLAKIKMGDDEAAADMANGNATKSQQMSNGVYSRADSCNFTVWAAETVASCHLPPRSPAKSAKSSKSQASNATVSGSTLVSPVKGKVSHDSIKQLVLEAEHLVRDAQETALKTPTKQKHSIIKISSTVKKREVTMPHPIKQRVEEWLEHQPSTPQLLTRSHTHELLPSCKPDDCEASGEASETDSVPQAGAGVNGGAPNGAGSDTSEGFTDSIATCMQTSTNSYGNSTERIGGSAEPIGQPVTPLGFGSSNQSLNVKIVKRSQTRRKSERPWSVSCLSQLTTDAAQLTTARIVENSPSGLASHSISESALDSLSPGPRPRAASSSGTGSNAAKKADSKGSLRRRKARKKRISAASAGRKSDSGSELGGDLTQTLMKSCESMSSQQLQEFTNALLSIQKGAVVAPLSPKGDVSGVPSLADGEGGETQLMLPKFRVGSFTTAGLLATDTRLGALAALSNYMNEDEQQAELSTEDHHSSISETAWDNYQEKYNSENYSEGFDSDAARRLLEFGDDYRNFIDSQSDCCSSLSAANNLDSFSPPRMDSLQKHELKTLHINQDTITSTVDHARRQRALELQYERRRKTLEVRRKSCQDMDESLMASPQSDQQQQQLQVTPSLSASATALMTTPKIQSTSHQISHRAESVGRKLDFGGMSHSAQSLLRRTSESDTSTRRRRTVTADERRRSSRNLEKCIKLIPATTSSSSGSDSEDGEQEMRSLLQQSRDRLDDTRALKIRCHLLRPEDYNEIINTCRDNIRCLEAVLRGPPGTVLSNHCAGQTKDLLGAWEDLLSWSENASAARKLQQEMSVLKSSLQRLGDKPTPELLDTEPAIQIAVEALKLEQTQLTSYRTNMLRLNASVHSWLTKQERRLQSALEEQEQQQESEQLKQQKLVEEEKGADVQKELASTGAVAITVTDSNGNQVEALATGEASTSTPAWDVHTLMSSEQEFHKHLKNEVSDMYSSWDEADARINTQLEMLTNSLIAWRQLESGLSEFQLALGQDRGTLKGLEGALDKGQATPVELAQNVKLVAKLLSEKVHVSQEQLLAVQQHLDPNHIYHITKFTASNGSLSDSGISDGGATSDGGLSERERRLGVLRRLAKQLELALAPGSEAMRSIAARMESAEADLKHLQNTCRDLIVRTAASHQQKQQIQQNQTQQVSPKANGHIKKQAAKGKAEPQSPGRRGKGARKARQAKKAGEDQQVEEPSLSPEQQKMVLKQLKTLTSGDGGDDPSDDPSLLFNLESSEEDGEGADPAQTSKRGWAWRIARAAVPMQVALFTIFCAACLMQPNCCDNLNNLSMSFTPQLRYIRGPPPI",2262,0.0557,FALSE,0,NA,NA,NA,NA,NA,NA,NA,NA,Inf
"FBpp0110115","FBgn0001316","Q7YU15","klar",NA,"integral component of membrane; cytoplasm; perinuclear region of cytoplasm; nuclear envelope; nuclear outer membrane; membrane; lipid droplet; cytoplasmic microtubule","GO:0016021; GO:0005737; GO:0048471; GO:0005635; GO:0005640; GO:0016020; GO:0005811; GO:0005881","compound eye photoreceptor development; adult chitin-containing cuticle pigmentation; lipid transport; lipid droplet transport along microtubule; locomotion; nuclear migration; compound eye morphogenesis; lumen formation, open tracheal system; membrane organization; nucleus organization; microtubule anchoring; nucleus localization; flight; larval visceral muscle development; regulation of intracellular transport; tube morphogenesis; negative regulation of pole plasm oskar mRNA localization","GO:0042051; GO:0048085; GO:0006869; GO:0031887; GO:0040011; GO:0007097; GO:0001745; GO:0035149; GO:0061024; GO:0006997; GO:0034453; GO:0051647; GO:0060361; GO:0007523; GO:0032386; GO:0035239; GO:0045855","kinesin binding; protein binding","GO:0019894; GO:0005515","MEMQQENETGREGVIPNSEKEVALISNQETEKAAMISGGKEGSVRDLESPNETATTQKIEHTTKPLKLDGIFAMPATPPNRAGLTTKSASSSRSSSLKKQRRGSRGSANLNVAGTGDGAPKRSAPGGGQLNYGTNSVGNDLMKQSQSMTSLKASNEEQQESRDVIQAKLHLERPYNSLKKNSHSNKMHRYSWGSGNSQCSSTSLHSSATLGLGSSGKDDLWAAIQTNYNYIMDTNLLDTCKEARCEIEGAATVLEKSSECSFKMLDETQRPEGLCEDPKELRRWLREMENKLESSPTITELTLFGNAELQRHLAVHSVLYHEIASHARVVSSCIRAAEKEQQLQQQQQLSSQQPASLTSNCSSESTSESATKSSSLSSGFASDPVTTPIGTAAAAPPSSSTHPSKKGEGNLERLRDRYHLLYLKAFELQLCLDNLLRKRSSAANGLDDDEDEEEDTEDDSFGYEGEATEDDLNEVNSDLDLENSESKSATPAELILQRCQIAATQIVCGLDETQSQSRSQQVPSQAKSPSADQPRDCLAPQKILKSADASTDDDDEGWLYTATAAATLEVATAATAAPTAAAATSSVDGLQSTAVSSTTATGGPLPPSDDSDKENKVALVSATTITAAATATATSIATLHSSNYDSSSACSSSNSNSNSNSNSNGRLTETSATSRVTQLQMQIHSQSQSQSQMELQINGNAIDGRHIISNNNCYSSMQHQPQNNNEGEAAEDLAKIKMGDDEAAADMANGNATKSQQMSNGVYSRADSCNFTVWAAETVASCHLPPRSPAKSAKSSKSQASNATVSGSTLVSPVKGKVSHDSIKQLVLEAEHLVRDAQETALKTPTKQKHSIIKISSTVKKREVTMPHPIKQRVEEWLEHQPSTPQLLTRSHTHELLPSCKPDDCEASGEASETDSVPQAGAGVNGGAPNGAGSDTSEGFTDSIATCMQTSTNSYGNSTERIGGSAEPIGQPVTPLGFGSSNQSLNVKIVKRSQTRRKSERPWSVSCLSQLTTDAAQLTTARIVENSPSGLASHSISESALDSLSPGPRPRAASSSGTGSNAAKKADSKGSLRRRKARKKRISAASAGRKSDSGSELGGDLTQTLMKSCESMSSQQLQEFTNALLSIQKGAVVAPLSPKGDVSGVPSLADGEGGETQLMLPKFRVGSFTTAGLLATDTRLGALAALSNYMNEDEQQAELSTEDHHSSISETAWDNYQEKYNSENYSEGFDSDAARRLLEFGDDYRNFIDSQSDCCSSLSAANNLDSFSPPRMDSLQKHELKTLHINQDTITSTVDHARRQRALELQYERRRKTLEVRRKSCQDMDESLMASPQSDQQQQQLQVTPSLSASATALMTTPKIQSTSHQISHRAESVGRKLDFGGMSHSAQSLLRRTSESDTSTRRRRTVTADERRRSSRNLEKCIKLIPATTSSSSGSDSEDGEQEMRSLLQQSRDRLDDTRALKIRCHLLRPEDYNEIINTCRDNIRCLEAVLRGPPGTVLSNHCAGQTKDLLGAWEDLLSWSENASAARKLQQEMSVLKSSLQRLGDKPTPELLDTEPAIQIAVEALKLEQTQLTSYRTNMLRLNASVHSWLTKQERRLQSALEEQEQQQESEQLKQQKLVEEEKGADVQKELASTGAVAITVTDSNGNQVEALATGEASTSTPAWDVHTLMSSEQEFHKHLKNEVSDMYSSWDEADARINTQLEMLTNSLIAWRQLESGLSEFQLALGQDRGTLKGLEGALDKGQATPVELAQNVKLVAKLLSEKVHVSQEQLLAVQQHLDPNHIYHITKFTASNGSLSDSGISDGGATSDGGLSERERRLGVLRRLAKQLELALAPGSEAMRSIAARMESAEADLKHLQNTCRDLIVRTAASHQQKQQIQQNQTQQVSPKANGHIKKQAAKGKAEPQSPGRRGKGARKARQAKKAGEDQQVEEPSLSPEQQKMVLKQLKTLTSGDGGDDPSDDPSLLFNLESSEEDGEGADPAQTSKRGWAWRIARAAVPMQVALFTIFCAACLMQPNCCDNLNNLSMSFTPQLRYIRGPPPI",2045,0.0548,FALSE,0,NA,NA,NA,NA,NA,NA,NA,NA,Inf
"FBpp0111719","FBgn0001316","A8JNH1","klar",NA,"integral component of membrane; cytoplasm; perinuclear region of cytoplasm; nuclear envelope; nuclear outer membrane; membrane; lipid droplet; cytoplasmic microtubule","GO:0016021; GO:0005737; GO:0048471; GO:0005635; GO:0005640; GO:0016020; GO:0005811; GO:0005881","compound eye photoreceptor development; adult chitin-containing cuticle pigmentation; lipid transport; lipid droplet transport along microtubule; locomotion; nuclear migration; compound eye morphogenesis; lumen formation, open tracheal system; membrane organization; nucleus organization; microtubule anchoring; nucleus localization; flight; larval visceral muscle development; regulation of intracellular transport; tube morphogenesis; negative regulation of pole plasm oskar mRNA localization","GO:0042051; GO:0048085; GO:0006869; GO:0031887; GO:0040011; GO:0007097; GO:0001745; GO:0035149; GO:0061024; GO:0006997; GO:0034453; GO:0051647; GO:0060361; GO:0007523; GO:0032386; GO:0035239; GO:0045855","kinesin binding; protein binding","GO:0019894; GO:0005515","MGKVSVAVQTDISEMLSATSSTNTSRSSSEQDLLGAWEDLLSWSENASAARKLQQEMSVLKSSLQRLGDKPTPELLDTEPAIQIAVEALKLEQTQLTSYRTNMLRLNASVHSWLTKQERRLQSALEEQEQQQESEQLKQQKLVEEEKGADVQKELASTGAVAITVTDSNGNQVEALATGEASTSTPAWDVHTLMSSEQEFHKHLKNEVSDMYSSWDEADARINTQLEMLTNSLIAWRQLESGLSEFQLALGQDRGTLKGLEGALDKGQATPVELAQNVKLVAKLLSEKVHVSQEQLLAVQQHLDPNHIYHITKFTASNGSLSDSGISDGGATSDGGLSERERRLGVLRRLAKQLELALAPGSEAMRSIAARMESAEADLKHLQNTCRDLIVRTAASHQQKQQIQQNQTQQVSPKANGHIKKQAAKGKAEPQSPGRRGKGARKARQAKKAGEDQQVEEPSLSPEQQKMVLKQLKTLTSGDGGDDPSDDPSLLFNLESSEEDGEGADPAQTSKRGWAWRIARAAVPMQVALFTIFCAACLMQPNCCDNLNNLSMSFTPQLRYIRGPPPI",567,0.0494,FALSE,0,NA,NA,NA,NA,NA,NA,NA,NA,Inf
"FBpp0305983","FBgn0001316","M9PGK7","klar",NA,"integral component of membrane; cytoplasm; perinuclear region of cytoplasm; nuclear envelope; nuclear outer membrane; membrane; lipid droplet; cytoplasmic microtubule","GO:0016021; GO:0005737; GO:0048471; GO:0005635; GO:0005640; GO:0016020; GO:0005811; GO:0005881","compound eye photoreceptor development; adult chitin-containing cuticle pigmentation; lipid transport; lipid droplet transport along microtubule; locomotion; nuclear migration; compound eye morphogenesis; lumen formation, open tracheal system; membrane organization; nucleus organization; microtubule anchoring; nucleus localization; flight; larval visceral muscle development; regulation of intracellular transport; tube morphogenesis; negative regulation of pole plasm oskar mRNA localization","GO:0042051; GO:0048085; GO:0006869; GO:0031887; GO:0040011; GO:0007097; GO:0001745; GO:0035149; GO:0061024; GO:0006997; GO:0034453; GO:0051647; GO:0060361; GO:0007523; GO:0032386; GO:0035239; GO:0045855","kinesin binding; protein binding","GO:0019894; GO:0005515","MEMQQENETGREGVIPNSEKEVALISNQETEKAAMISGGKEGSVRDLESPNETATTQKIEHTTKPLKLDGIFAMPATPPNRAGLTTKSASSSRSSSLKKQRRGSRGSANLNVAGTGDGAPKRSAPGGGQLNYGTNSVGNDLMKQSQSMTSLKASNEEQQESRDVIQAKLHLERPYNSLKKNSHSNKMHRYSWGSGNSQCSSTSLHSSATLGLGSSGKDDLWAAIQTNYNYIMDTNLLDTCKEARCEIEGAATVLEKSSECSFKMLDETQRPEGLCEDPKELRRWLREMENKLESSPTITELTLFGNAELQRHLAVHSVLYHEIASHARVVSSCIRAAEKEQQLQQQQQLSSQQPASLTSNCSSESTSESATKSSSLSSGFASDPVTTPIGTAAAAPPSSSTHPSKKGEGNLERLRDRYHLLYLKAFELQLCLDNLLRKRSSAANGLDDDEDEEEDTEDDSFGYEGEATEDDLNEVNSDLDLENSESKSATPAELILQRCQIAATQIVCGLDETQSQSRSQQVPSQAKSPSADQPRDCLAPQKPGDEADEELEEEDEDPDIGTDVVDFLIAKRSWRQVNHPNPSGTATLTDFEADSESSDFEQVQQLSRRGLPPTVGSTRRVLNLIEMPQSSNSNISSSNSLLQQRNHNIGNKMLPNKAHGKNIAVAVITPNSHGNTSHGHGLGHGLGHELNKSPLGLRKTRHHHNDTSKFNRSNRKSKNCAIFYFKHLDTDNEQGNAAGSDLQSEDDPSLIHRRRAGGDILKSADASTDDDDEGWLYTATAAATLEVATAATAAPTAAAATSSVDGLQSTAVSSTTATGGPLPPSDDSDKENKVALVSATTITAAATATATSIATLHSSNYDSSSACSSSNSNSNSNSNSNGRLTETSATSRVTQLQMQIHSQSQSQSQMELQINGNAIDGRHIISNNNCYSSMQHQPQNNNEGEAAEDLAKIKMGDDEAAADMANGNATKSQQMSNGVYSRADSCNFTVWAAETVASCHLPPRSPAKSAKSSKSQASNATVSGSTLVSPVKGKVSHDSIKQLVLEAEHLVRDAQETALKTPTKQKHSIIKISSTVKKREVTMPHPIKQRVEEWLEHQPSTPQLLTRSHTHELLPSCKPDDCEASGEASETDSVPQAGAGVNGGAPNGAGSDTSEGFTDSIATCMQTSTNSYGNSTERIGGSAEPIGQPVTPLGFGSSNQSLNVKIVKRSQTRRKSERPWSVSCLSQLTTDAAQLTTARIVENSPSGLASHSISESALDSLSPGPRPRAASSSGTGSNAAKKADSKGSLRRRKARKKRISAASAGRKSDSGSELGGDLTQTLMKSCESMSSQQLQEFTNALLSIQKGAVVAPLSPKGDVSGVPSLADGEGGETQLMLPKFRVGSFTTAGLLATDTRLGALAALSNYMNEDEQQAAPKPVQTRLKELSTEDHHSSISETAWDNYQEKYNSENYSEGFDSDAARRLLEFGDDYRNFIDSQSDCCSSLSAANNLDSFSPPRMDSLQKHELKTLHINQDTITSTVDHARRQRALELQYERRRKTLEVRRKSCQDMDESLMASPQSDQQQQQLQVTPSLSASATALMTTPKIQSTSHQISHRAESVGRKLDFGGMSHSAQSLLRRTSESDTSTRRRRTVTADERRRSSRNLEKCIKLIPATTSSSSGSDSEDGEQEMRSLLQQSRDRLDDTRALKIRCHLLRPEDYNEIINTCRDNIRCLEAVLRGPPGTVLSNHCAGQTKDLLGAWEDLLSWSENASAARKLQQEMSVLKSSLQRLGDKPTPELLDTEPAIQIAVEALKLEQTQLTSYRTNMLRLNASVHSWLTKQERRLQSALEEQEQQQESEQLKQQKLVEEEKGADVQKELASTGAVAITVTDSNGNQVEALATGEASTSTPAWDVHTLMSSEQEFHKHLKNEVSDMYSSWDEADARINTQLEMLTNSLIAWRQLESGLSEFQLALGQDRGTLKGLEGALDKGQATPVELAQNVKLVAKLLSEKVHVSQEQLLAVQQHLDPNHIYHITKFTASNGSLSDSGISDGGATSDGGLSERERRLGVLRRLAKQLELALAPGSEAMRSIAARMESAEADLKHLQNTCRDLIVRTAASHQQKQQIQQNQTQQVSPKANGHIKKQAAKGKAEPQSPGRRGKGARKARQAKKAGEDQQVEEPSLSPEQQKMVLKQLKTLTSGDGGDDPSDDPSLLFNLESSEEDGEGADPAQTSKRGWAWRIARAAVPMQVALFTIFCAACLMQPNCCDNLNNLSMSFTPQLRYIRGPPPI",2272,0.0559,FALSE,0,NA,NA,NA,NA,NA,NA,NA,NA,Inf
"FBpp0305984","FBgn0001316","M9PBH0","klar",NA,"integral component of membrane; cytoplasm; perinuclear region of cytoplasm; nuclear envelope; nuclear outer membrane; membrane; lipid droplet; cytoplasmic microtubule","GO:0016021; GO:0005737; GO:0048471; GO:0005635; GO:0005640; GO:0016020; GO:0005811; GO:0005881","compound eye photoreceptor development; adult chitin-containing cuticle pigmentation; lipid transport; lipid droplet transport along microtubule; locomotion; nuclear migration; compound eye morphogenesis; lumen formation, open tracheal system; membrane organization; nucleus organization; microtubule anchoring; nucleus localization; flight; larval visceral muscle development; regulation of intracellular transport; tube morphogenesis; negative regulation of pole plasm oskar mRNA localization","GO:0042051; GO:0048085; GO:0006869; GO:0031887; GO:0040011; GO:0007097; GO:0001745; GO:0035149; GO:0061024; GO:0006997; GO:0034453; GO:0051647; GO:0060361; GO:0007523; GO:0032386; GO:0035239; GO:0045855","kinesin binding; protein binding","GO:0019894; GO:0005515","MPQSSNSNISSSNSLLQQRNHNIGNKMLPNKAHGKNIAVAVITPNSHGNTSHGHGLGHGLGHELNKSPLGLRKTRHHHNDTSKFNRSNRKSKNCAIFYFKHLDTDNEQGNAAGSDLQSEDDPSLIHRRRAGGDILKSADASTDDDDEGWLYTATAAATLEVATAATAAPTAAAATSSVDGLQSTAVSSTTATGGPLPPSDDSDKENKVALVSATTITAAATATATSIATLHSSNYDSSSACSSSNSNSNSNSNSNGRLTETSATSRVTQLQMQIHSQSQSQSQMELQINGNAIDGRHIISNNNCYSSMQHQPQNNNEGEAAEDLAKIKMGDDEAAADMANGNATKSQQMSNGVYSRADSCNFTVWAAETVASCHLPPRSPAKSAKSSKSQASNATVSGSTLVSPVKGKVSHDSIKQLVLEAEHLVRDAQETALKTPTKQKHSIIKISSTVKKREVTMPHPIKQRVEEWLEHQPSTPQLLTRSHTHELLPSCKPDDCEASGEASETDSVPQAGAGVNGGAPNGAGSDTSEGFTDSIATCMQTSTNSYGNSTERIGGSAEPIGQPVTPLGFGSSNQSLNVKIVKRSQTRRKSERPWSVSCLSQLTTDAAQLTTARIVENSPSGLASHSISESALDSLSPGPRPRAASSSGTGSNAAKKADSKGSLRRRKARKKRISAASAGRKSDSGSELGGDLTQTLMKSCESMSSQQLQEFTNALLSIQKGAVVAPLSPKGDVSGVPSLADGEGGETQLMLPKFRVGSFTTAGLLATDTRLGALAALSNYMNEDEQQAELSTEDHHSSISETAWDNYQEKYNSENYSEGFDSDAARRLLEFGDDYRNFIDSQSDCCSSLSAANNLDSFSPPRMDSLQKHELKTLHINQDTITSTVDHARRQRALELQYERRRKTLEVRRKSCQDMDESLMASPQSDQQQQQLQVTPSLSASATALMTTPKIQSTSHQISHRAESVGRKLDFGGMSHSAQSLLRRTSESDTSTRRRRTVTADERRRSSRNLEKCIKLIPATTSSSSGSDSEDGEQEMRSLLQQSRDRLDDTRALKIRCHLLRPEDYNEIINTCRDNIRCLEAVLRGPPGTVLSNHCAGQTKDLLGAWEDLLSWSENASAARKLQQEMSVLKSSLQRLGDKPTPELLDTEPAIQIAVEALKLEQTQLTSYRTNMLRLNASVHSWLTKQERRLQSALEEQEQQQESEQLKQQKLVEEEKGADVQKELASTGAVAITVTDSNGNQVEALATGEASTSTPAWDVHTLMSSEQEFHKHLKNEVSDMYSSWDEADARINTQLEMLTNSLIAWRQLESGLSEFQLALGQDRGTLKGLEGALDKGQATPVELAQNVKLVAKLLSEKVHVSQEQLLAVQQHLDPNHIYHITKFTASNGSLSDSGISDGGATSDGGLSERERRLGVLRRLAKQLELALAPGSEAMRSIAARMESAEADLKHLQNTCRDLIVRTAASHQQKQQIQQNQTQQVSPKANGHIKKQAAKGKAEPQSPGRRGKGARKARQAKKAGEDQQVEEPSLSPEQQKMVLKQLKTLTSGDGGDDPSDDPSLLFNLESSEEDGEGADPAQTSKRGWAWRIARAAVPMQVALFTIFCAACLMQPNCCDNLNNLSMSFTPQLRYIRGPPPI",1636,0.0568,FALSE,0,NA,NA,NA,NA,NA,NA,NA,NA,Inf
"FBpp0305985","FBgn0001316","M9PDJ0","klar",NA,"integral component of membrane; cytoplasm; perinuclear region of cytoplasm; nuclear envelope; nuclear outer membrane; membrane; lipid droplet; cytoplasmic microtubule","GO:0016021; GO:0005737; GO:0048471; GO:0005635; GO:0005640; GO:0016020; GO:0005811; GO:0005881","compound eye photoreceptor development; adult chitin-containing cuticle pigmentation; lipid transport; lipid droplet transport along microtubule; locomotion; nuclear migration; compound eye morphogenesis; lumen formation, open tracheal system; membrane organization; nucleus organization; microtubule anchoring; nucleus localization; flight; larval visceral muscle development; regulation of intracellular transport; tube morphogenesis; negative regulation of pole plasm oskar mRNA localization","GO:0042051; GO:0048085; GO:0006869; GO:0031887; GO:0040011; GO:0007097; GO:0001745; GO:0035149; GO:0061024; GO:0006997; GO:0034453; GO:0051647; GO:0060361; GO:0007523; GO:0032386; GO:0035239; GO:0045855","kinesin binding; protein binding","GO:0019894; GO:0005515","MPHPIKQRVEEWLEHQPSTPQLLTRSHTHELLPSCKPDDCEASGEASETDSVPQAGAGVNGGAPNGAGSDTSEGFTDSIATCMQTSTNSYGNSTERIGGSAEPIGQPVTPLGFGSSNQSLNVKIVKRSQTRRKSERPWSVSCLSQLTTDAAQLTTARIVENSPSGLASHSISESALDSLSPGPRPRAASSSGTGSNAAKKADSKGSLRRRKARKKRISAASAGRKSDSGSELGGDLTQTLMKSCESMSSQQLQEFTNALLSIQKGAVVAPLSPKGDVSGVPSLADGEGGETQLMLPKFRVGSFTTAGLLATDTRLGALAALSNYMNEDEQQAELSTEDHHSSISETAWDNYQEKYNSENYSEGFDSDAARRLLEFGDDYRNFIDSQSDCCSSLSAANNLDSFSPPRMDSLQKHELKTLHINQDTITSTVDHARRQRALELQYERRRKTLEVRRKSCQDMDESLMASPQSDQQQQQLQVTPSLSASATALMTTPKIQSTSHQISHRAESVGRKLDFGGMSHSAQSLLRRTSESDTSTRRRRTVTADERRRSSRNLEKCIKLIPATTSSSSGSDSEDGEQEMRSLLQQSRDRLDDTRALKIRCHLLRPEDYNEIINTCRDNIRCLEAVLRGPPGTVLSNHCAGQTKDLLGAWEDLLSWSENASAARKLQQEMSVLKSSLQRLGDKPTPELLDTEPAIQIAVEALKLEQTQLTSYRTNMLRLNASVHSWLTKQERRLQSALEEQEQQQESEQLKQQKLVEEEKGADVQKELASTGAVAITVTDSNGNQVEALATGEASTSTPAWDVHTLMSSEQEFHKHLKNEVSDMYSSWDEADARINTQLEMLTNSLIAWRQLESGLSEFQLALGQDRGTLKGLEGALDKGQATPVELAQNVKLVAKLLSEKVHVSQEQLLAVQQHLDPNHIYHITKFTASNGSLSDSGISDGGATSDGGLSERERRLGVLRRLAKQLELALAPGSEAMRSIAARMESAEADLKHLQNTCRDLIVRTAASHQQKQQIQQNQTQQVSPKANGHIKKQAAKGKAEPQSPGRRGKGARKARQAKKAGEDQQVEEPSLSPEQQKMVLKQLKTLTSGDGGDDPSDDPSLLFNLESSEEDGEGADPAQTSKRGWAWRIARAAVPMQVALFTIFCAACLMQPNCCDNLNNLSMSFTPQLRYIRGPPPI",1180,0.0661,FALSE,0,NA,NA,NA,NA,NA,NA,NA,NA,Inf
"FBpp0310131","FBgn0001316","X2JAH4","klar",NA,"integral component of membrane; cytoplasm; perinuclear region of cytoplasm; nuclear envelope; nuclear outer membrane; membrane; lipid droplet; cytoplasmic microtubule","GO:0016021; GO:0005737; GO:0048471; GO:0005635; GO:0005640; GO:0016020; GO:0005811; GO:0005881","compound eye photoreceptor development; adult chitin-containing cuticle pigmentation; lipid transport; lipid droplet transport along microtubule; locomotion; nuclear migration; compound eye morphogenesis; lumen formation, open tracheal system; membrane organization; nucleus organization; microtubule anchoring; nucleus localization; flight; larval visceral muscle development; regulation of intracellular transport; tube morphogenesis; negative regulation of pole plasm oskar mRNA localization","GO:0042051; GO:0048085; GO:0006869; GO:0031887; GO:0040011; GO:0007097; GO:0001745; GO:0035149; GO:0061024; GO:0006997; GO:0034453; GO:0051647; GO:0060361; GO:0007523; GO:0032386; GO:0035239; GO:0045855","kinesin binding; protein binding","GO:0019894; GO:0005515","MSVLKSSLQRLGDKPTPELLDTEPAIQIAVEALKLEQTQLTSYRTNMLRLNASVHSWLTKQERRLQSALEEQEQQQESEQLKQQKLVEEEKGADVQKELASTGAVAITVTDSNGNQVEALATGEASTSTPAWDVHTLMSSEQEFHKHLKNEVSDMYSSWDEADARINTQLEMLTNSLIAWRQLESGLSEFQLALGQDRGTLKGLEGALDKGQATPVELAQNVKLVAKLLSEKVHVSQEQLLAVQQHLDPNHIYHITKFTASNGSLSDSGISDGGATSDGGLSERERRLGVLRRLAKQLELALAPGSEAMRSIAARMESAEADLKHLQNTCRDLIVRTAASHQQKQQIQQNQTQQVSPKANGHIKKQAAKGKAEPQSPGRRGKGARKARQAKKAGEDQQVEEPSLSPEQQKMVLKQLKTLTSGDGGDDPSDDPSLLFNLESSEEDGEGADPAQTSKRGWAWRIARAAVPMQVALFTIFCAACLMQPNCCDNLNNLSMSFTPQLRYIRGPPPI",511,0.0509,FALSE,0,NA,NA,NA,NA,NA,NA,NA,NA,Inf
"FBpp0303424","FBgn0004456",NA,"mew",NA,"cell adhesion","GO:0007155","integrin complex","GO:0008305",NA,NA,"MTQRFDDCEQVITDGRRNFDSEILSPPGNDEIKEDQWMGVTVRSNPLQANGSGGKVIVCAHRYMYIVRENRYGQGLCYLLTNDLQFEEVHEPCKGRPVQRQHEDYGLCQAGTSAALLDDDTMVLGSPGPYTWRGSIWVTQVGGEYLQRDKTTYYSDHSDLNSPVDKYSYLGMSVTGGRFFGHMSYAAGAPRSEGHGQVVIFDKSTDNPIPVHSILDGEQFGSSFGYELATADINGDHRPDLIVAAPLYFTKTEGGAVYVYQNIQDTLPMKYTLKLTGPLESRFGLALANIGDLNKDNCEDLAVGAPYEGNGVVYIYLGSSQGLNSKPAQKIQASELGGTIPNGQPIRTFGISISGNTDLDDNSYPDVVIGAFNSSAAVILLARPIISIQTSVQRKELHNMDPNTPGCLDDPASNLTCFTFRACCSIEPYDEKNKELRLAYSVEAETFDHLKKFSRVFFFDRENKRTNVLSRVVRVHTNGRTECQAVTGYIKANTRDIQTPVRFRLKYSLVEPPLADSALVRLNPILDQTQAHVDFEGTFQKDCGDDDLCESNLIIRVEPNITESSGNEYTLILDETELEVRINVSNLADSAYEAQLFIAHQAGVSYVATKKPTNATCNSYNTTLVACSLGNPMLRDTTTFVTIRFQPKGLEPSEKIMLFHIFANTTSKLVGPERPERDLRVNVVRRAKLNFRGWAIPEQSFYSGSSVANSVANTAATDIEGHGPMGMDDVGSQVHHMFTIFNEGPSTAPKVQMVIHWPYSLYSDPQSGRPVQYLLYLEQVPTVEVSQGECHVAKEYVNPLNLASGSRENPAYLSAPAQMRMFPSQSRHSFNKSLIHSQRSYYSSSHRDDHSDDTQSNRNRVRRSFLERVTRLERLMYDPESSNAANGKKQDIVELDCNKGATNCVRIECDILNMPALSEAQVVVKARLWNSTLVSEYPRVERVRIFSTATAQIPESYGVEVMDHNNIEVETRAYPELRNQQRDTSIPWLIIILGIVGGLLLLALVTYVLWKVGFFKRIRPTDPTLSGNLEKMNEEKPFLAPSKNTHHVF*QEGTVGWDLVRRRRRRRRLKLRLPVTAQPRHGWRKTTDKSINNNNNNNHNNNSSNSRNDSDVDVLSLTPPPPPLSIFSWGNDGYYQASAAWWGHHM",1146,0.0654,TRUE,1,"1061:1068","RRRRRRRR",8,8,8,1,1,1,Inf
"FBpp0309167","FBgn0004456","X2JDJ5","mew",NA,"cell adhesion; integrin-mediated signaling pathway","GO:0007155; GO:0007229","integrin complex; membrane; integral component of membrane","GO:0008305; GO:0016020; GO:0016021",NA,NA,"MLELPFTTIRPNCRLRQNLGILIILQCVLTCYNFNLEQRLPIVKYGHPHSHFGYSVATHTIGEANGPNKTNCVLVGAPLDQNRQPNTTHSGALWRCPMTQRFDDCEQVITDGRRNFDSEILSPPGNDEIKEDQWMGVTVRSNPLQANGSGGKVIVCAHRYMYIVRENRYGQGLCYLLTNDLQFEEVHEPCKGRPVQRQHEDYGLCQAGTSAALLDDDTMVLGSPGPYTWRGSIWVTQVGGEYLQRDKTTYYSDHSDLNSPVDKYSYLGMSVTGGRFFGHMSYAAGAPRSEGHGQVVIFDKSTDNPIPVHSILDGEQFGSSFGYELATADINGDHRPDLIVAAPLYFTKTEGGAVYVYQNIQDTLPMKYTLKLTGPLESRFGLALANIGDLNKDNCEDLAVGAPYEGNGVVYIYLGSSQGLNSKPAQKIQASELGGTIPNGQPIRTFGISISGNTDLDDNSYPDVVIGAFNSSAAVILLARPIISIQTSVQRKELHNMDPNTPGCLDDPASNLTCFTFRACCSIEPYDEKNKELRLAYSVEAETFDHLKKFSRVFFFDRENKRTNVLSRVVRVHTNGRTECQAVTGYIKANTRDIQTPVRFRLKYSLVEPPLADSALVRLNPILDQTQAHVDFEGTFQKDCGDDDLCESNLIIRVEPNITESSGNEYTLILDETELEVRINVSNLADSAYEAQLFIAHQAGVSYVATKKPTNATCNSYNTTLVACSLGNPMLRDTTTFVTIRFQPKGLEPSEKIMLFHIFANTTSKLVGPERPERDLRVNVVRRAKLNFRGWAIPEQSFYSGSSVANSVANTAATDIEGHGPMGMDDVGSQVHHMFTIFNEGPSTAPKVQMVIHWPYSLYSDPQSGRPVQYLLYLEQVPTVEVSQGECHVAKEYVNPLNLASGSRENPAYLSAPAQMRMFPSQSRHSFNKSLIHSQRSYYSSSHRDDHSDDTQSNRNRVRRSFLERVTRLERLMYDPESSNAANGKKQDIVELDCNKGATNCVRIECDILNMPALSEAQVVVKARLWNSTLVSEYPRVERVRIFSTATAQIPESYGVEVMDHNNIEVETRAYPELRNQQRDTSIPWLIIILGIVGGLLLLALVTYVLWKVGFFKRIRPTDPTLSGNLEKMNEEKPFLAPSKNTHHVF*QEGTVGWDLVRRRRRRRRLKLRLPVTAQPRHGWRKTTDKSINNNNNNNHNNNSSNSRNDSDVDVLSLTPPPPPLSIFSWGNDGYYQASAAWWGHHM",1243,0.0652,TRUE,1,"1158:1165","RRRRRRRR",8,8,8,1,1,1,Inf
"FBpp0073562","FBgn0004456",NA,"mew",NA,"cell adhesion","GO:0007155","integrin complex","GO:0008305",NA,NA,"MTQRFDDCEQVITDGRRNFDSEILSPPGNDEIKEDQWMGVTVRSNPLQANGSGGKVIVCAHRYMYIVRENRYGQGLCYLLTNDLQFEEVHEPCKGRPVQRQHEDYGLCQAGTSAALLDDDTMVLGSPGPYTWRGSIWVTQVGGEYLQRDKTTYYSDHSDLNSPVDKYSYLGMSVTGGRFFGHMSYAAGAPRSEGHGQVVIFDKSTDNPIPVHSILDGEQFGSSFGYELATADINGDHRPDLIVAAPLYFTKTEGGAVYVYQNIQDTLPMKYTLKLTGPLESRFGLALANIGDLNKDNCEDLAVGAPYEGNGVVYIYLGSSQGLNSKPAQKIQASELGGTIPNGQPIRTFGISISGNTDLDDNSYPDVVIGAFNSSAAVILLARPIISIQTSVQRKELHNMDPNTPGCLDDPASNLTCFTFRACCSIEPYDEKNKELRLAYSVEAETFDHLKKFSRVFFFDRENKRTNVLSRVVRVHTNGRTECQAVTGYIKANTRDIQTPVRFRLKYSLVEPPLADSALVRLNPILDQTQAHVDFEGTFQKDCGDDDLCESNLIIRVEPNITESSGNEYTLILDETELEVRINVSNLADSAYEAQLFIAHQAGVSYVATKKPTNATCNSYNTTLVACSLGNPMLRDTTTFVTIRFQPKGLEPSEKIMLFHIFANTTSKLVGPERPERDLRVNVVRRAKLNFRGWAIPEQSFYSGSSVANSVANTAATDIEGHGPMGMDDVGSQVHHMFTIFNEGPSTAPKVQMVIHWPYSLYSDPQSGRPVQYLLYLEQVPTVEVSQGECHVAKEYVNPLNLASGSRENPAYLSAPAQMRMFPSQSRHSFNKSLIHSQRSYYSSSHRDDHSDDTQSNRNRVRRSFLERVTRLERLMYDPESSNAANGKKQDIVELDCNKGATNCVRIECDILNMPALSEAQVVVKARLWNSTLVSEYPRVERVRIFSTATAQIPESYGVEVMDHNNIEVETRAYPELRNQQRDTSIPWLIIILGIVGGLLLLALVTYVLWKVGFFKRIRPTDPTLSGNLEKMNEEKPFLAPSKNTHHVF",1049,0.0601,FALSE,0,NA,NA,NA,NA,NA,NA,NA,NA,Inf
"FBpp0073563","FBgn0004456",NA,"mew",NA,"integral component of plasma membrane; lateral plasma membrane; apical plasma membrane; basal plasma membrane; focal adhesion; integrin complex; membrane; integral component of membrane; plasma membrane","GO:0005887; GO:0016328; GO:0016324; GO:0009925; GO:0005925; GO:0008305; GO:0016020; GO:0016021; GO:0005886","cell adhesion; muscle attachment; axon guidance; heterophilic cell-cell adhesion via plasma membrane cell adhesion molecules; cell differentiation; open tracheal system development; imaginal disc-derived wing morphogenesis; salivary gland morphogenesis; sensory perception of smell; midgut development; actin filament organization; cell adhesion mediated by integrin; apposition of dorsal and ventral imaginal disc-derived wing surfaces; salivary gland development; tracheal outgrowth, open tracheal system; cell migration; ectodermal digestive tract morphogenesis; salivary gland boundary specification; epithelial cell migration, open tracheal system; cell-cell adhesion; maintenance of epithelial integrity, open tracheal system; integrin-mediated signaling pathway; substrate adhesion-dependent cell spreading; axonal defasciculation","GO:0007155; GO:0016203; GO:0007411; GO:0007157; GO:0030154; GO:0007424; GO:0007476; GO:0007435; GO:0007608; GO:0007494; GO:0007015; GO:0033627; GO:0007475; GO:0007431; GO:0007426; GO:0016477; GO:0048567; GO:0007432; GO:0007427; GO:0098609; GO:0035160; GO:0007229; GO:0034446; GO:0007414","protein heterodimerization activity; cell adhesion molecule binding; extracellular matrix binding","GO:0046982; GO:0050839; GO:0050840","MLELPFTTIRPNCRLRQNLGILIILQCVLTCYNFNLEQRLPIVKYGHPHSHFGYSVATHTIGEANGPNKTNCVLVGAPLDQNRQPNTTHSGALWRCPMTQRFDDCEQVITDGRRNFDSEILSPPGNDEIKEDQWMGVTVRSNPLQANGSGGKVIVCAHRYMYIVRENRYGQGLCYLLTNDLQFEEVHEPCKGRPVQRQHEDYGLCQAGTSAALLDDDTMVLGSPGPYTWRGSIWVTQVGGEYLQRDKTTYYSDHSDLNSPVDKYSYLGMSVTGGRFFGHMSYAAGAPRSEGHGQVVIFDKSTDNPIPVHSILDGEQFGSSFGYELATADINGDHRPDLIVAAPLYFTKTEGGAVYVYQNIQDTLPMKYTLKLTGPLESRFGLALANIGDLNKDNCEDLAVGAPYEGNGVVYIYLGSSQGLNSKPAQKIQASELGGTIPNGQPIRTFGISISGNTDLDDNSYPDVVIGAFNSSAAVILLARPIISIQTSVQRKELHNMDPNTPGCLDDPASNLTCFTFRACCSIEPYDEKNKELRLAYSVEAETFDHLKKFSRVFFFDRENKRTNVLSRVVRVHTNGRTECQAVTGYIKANTRDIQTPVRFRLKYSLVEPPLADSALVRLNPILDQTQAHVDFEGTFQKDCGDDDLCESNLIIRVEPNITESSGNEYTLILDETELEVRINVSNLADSAYEAQLFIAHQAGVSYVATKKPTNATCNSYNTTLVACSLGNPMLRDTTTFVTIRFQPKGLEPSEKIMLFHIFANTTSKLVGPERPERDLRVNVVRRAKLNFRGWAIPEQSFYSGSSVANSVANTAATDIEGHGPMGMDDVGSQVHHMFTIFNEGPSTAPKVQMVIHWPYSLYSDPQSGRPVQYLLYLEQVPTVEVSQGECHVAKEYVNPLNLASGSRENPAYLSAPAQMRMFPSQSRHSFNKSLIHSQRSYYSSSHRDDHSDDTQSNRNRVRRSFLERVTRLERLMYDPESSNAANGKKQDIVELDCNKGATNCVRIECDILNMPALSEAQVVVKARLWNSTLVSEYPRVERVRIFSTATAQIPESYGVEVMDHNNIEVETRAYPELRNQQRDTSIPWLIIILGIVGGLLLLALVTYVLWKVGFFKRIRPTDPTLSGNLEKMNEEKPFLAPSKNTHHVF",1146,0.0602,FALSE,0,NA,NA,NA,NA,NA,NA,NA,NA,Inf
"FBpp0302767","FBgn0004456",NA,"mew",NA,"cell adhesion","GO:0007155","integrin complex","GO:0008305",NA,NA,"MLELPFTTIRPNCRLRQNLGILIILQCVLTCYNFNLEQRLPIVKYGHPHSHFGYSVATHTIGEANGPNKTNCVLVGAPLDQNRQPNTTHSGALWRCPMTQRFDDCEQVITDGRRTNGAYEINKHFDSEILSPPGNDEIKEDQWMGVTVRSNPLQANGSGGKVIVCAHRYMYIVRENRYGQGLCYLLTNDLQFEEVHEPCKGRPVQRQHEDYGLCQAGTSAALLDDDTMVLGSPGPYTWRGSIWVTQVGGEYLQRDKTTYYSDHSDLNSPVDKYSYLGMSVTGGRFFGHMSYAAGAPRSEGHGQVVIFDKSTDNPIPVHSILDGEQFGSSFGYELATADINGDHRPDLIVAAPLYFTKTEGGAVYVYQNIQDTLPMKYTLKLTGPLESRFGLALANIGDLNKDNCEDLAVGAPYEGNGVVYIYLGSSQGLNSKPAQKIQASELGGTIPNGQPIRTFGISISGNTDLDDNSYPDVVIGAFNSSAAVILLARPIISIQTSVQRKELHNMDPNTPGCLDDPASNLTCFTFRACCSIEPYDEKNKELRLAYSVEAETFDHLKKFSRVFFFDRENKRTNVLSRVVRVHTNGRTECQAVTGYIKANTRDIQTPVRFRLKYSLVEPPLADSALVRLNPILDQTQAHVDFEGTFQKDCGDDDLCESNLIIRVEPNITESSGNEYTLILDETELEVRINVSNLADSAYEAQLFIAHQAGVSYVATKKPTNATCNSYNTTLVACSLGNPMLRDTTTFVTIRFQPKGLEPSEKIMLFHIFANTTSKLVGPERPERDLRVNVVRRAKLNFRGWAIPEQSFYSGSSVANSVANTAATDIEGHGPMGMDDVGSQVHHMFTIFNEGPSTAPKVQMVIHWPYSLYSDPQSGRPVQYLLYLEQVPTVEVSQGECHVAKEYVNPLNLASGSRENPAYLSAPAQMRMFPSQSRHSFNKSLIHSQRSYYSSSHRDDHSDDTQSNRNRVRRSFLERVTRLERLMYDPESSNAANGKKQDIVELDCNKGATNCVRIECDILNMPALSEAQVVVKARLWNSTLVSEYPRVERVRIFSTATAQIPESYGVEVMDHNNIEVETRAYPELRNQQRDTSIPWLIIILGIVGGLLLLALVTYVLWKVGFFKRIRPTDPTLSGNLEKMNEEKPFLAPSKNTHHVF",1155,0.0597,FALSE,0,NA,NA,NA,NA,NA,NA,NA,NA,Inf
"FBpp0302768","FBgn0004456",NA,"mew",NA,"cell adhesion","GO:0007155","integrin complex","GO:0008305",NA,NA,"MTQRFDDCEQVITDGRRTNGAYEINKHFDSEILSPPGNDEIKEDQWMGVTVRSNPLQANGSGGKVIVCAHRYMYIVRENRYGQGLCYLLTNDLQFEEVHEPCKGRPVQRQHEDYGLCQAGTSAALLDDDTMVLGSPGPYTWRGSIWVTQVGGEYLQRDKTTYYSDHSDLNSPVDKYSYLGMSVTGGRFFGHMSYAAGAPRSEGHGQVVIFDKSTDNPIPVHSILDGEQFGSSFGYELATADINGDHRPDLIVAAPLYFTKTEGGAVYVYQNIQDTLPMKYTLKLTGPLESRFGLALANIGDLNKDNCEDLAVGAPYEGNGVVYIYLGSSQGLNSKPAQKIQASELGGTIPNGQPIRTFGISISGNTDLDDNSYPDVVIGAFNSSAAVILLARPIISIQTSVQRKELHNMDPNTPGCLDDPASNLTCFTFRACCSIEPYDEKNKELRLAYSVEAETFDHLKKFSRVFFFDRENKRTNVLSRVVRVHTNGRTECQAVTGYIKANTRDIQTPVRFRLKYSLVEPPLADSALVRLNPILDQTQAHVDFEGTFQKDCGDDDLCESNLIIRVEPNITESSGNEYTLILDETELEVRINVSNLADSAYEAQLFIAHQAGVSYVATKKPTNATCNSYNTTLVACSLGNPMLRDTTTFVTIRFQPKGLEPSEKIMLFHIFANTTSKLVGPERPERDLRVNVVRRAKLNFRGWAIPEQSFYSGSSVANSVANTAATDIEGHGPMGMDDVGSQVHHMFTIFNEGPSTAPKVQMVIHWPYSLYSDPQSGRPVQYLLYLEQVPTVEVSQGECHVAKEYVNPLNLASGSRENPAYLSAPAQMRMFPSQSRHSFNKSLIHSQRSYYSSSHRDDHSDDTQSNRNRVRRSFLERVTRLERLMYDPESSNAANGKKQDIVELDCNKGATNCVRIECDILNMPALSEAQVVVKARLWNSTLVSEYPRVERVRIFSTATAQIPESYGVEVMDHNNIEVETRAYPELRNQQRDTSIPWLIIILGIVGGLLLLALVTYVLWKVGFFKRIRPTDPTLSGNLEKMNEEKPFLAPSKNTHHVF",1058,0.0595,FALSE,0,NA,NA,NA,NA,NA,NA,NA,NA,Inf
"FBpp0072688","FBgn0035253","Q7YZ99","CG7971",NA,"catalytic step 2 spliceosome; precatalytic spliceosome","GO:0071013; GO:0071011","mRNA splicing, via spliceosome; RNA splicing","GO:0000398; GO:0008380",NA,NA,"MYNGIGLTTPRGSGTNGHVQRNWACVRPGKKDKDYRAEDDTKKLDAQLNRPPNKEILDHDRKRKIEVKCLELEDILEKQGRTPEEIKSQVDSFRQKLMGQGKTDLAKDEFGRVAARDTHQIAEAQQQKNARLREAFNISEYFVEGSSFDGDRKAKEDLAKSVALQKELDAQRESLAAAAAAAAAGKDKETGKRYALVRTPSRERDRDAGDAAANGDERDHVSKTDKKKRKKRARESSASPERKKKKKSKKHKKESKSKKKRSRKRKHSESGRDSDRDSDEEDDSSEEERRESKNVRKKAKKDKKKRDKKLKKKSRARASSSDSERTNSPSRKENKSDRSRGAKASKSDEKAPQQENVMRSRSRERKDTRSSRPLEASIDSRQRKPRERSAATPPRKEPERHRERSKDRQRSKEKHRSRDRLRSRERQRSRERQRSRERQRSKERQRSKERQRSIERQRSKERQRSKERQRSRSKDALRCKEKPQCNEKERSRERRRSKSKDRQRSKEKHRPKDEQQSVDKRRDRSTDRSKENQRSNERQRSKERQRSKERERSKDRQRSRERRRSKEGQLSKDRQGLKERQRSNERKRSKERQPSKEKQRSRERQRSREPLQSKDRQRSKERQRSRERPAKEARPTRSPRERSSKSRDDRRHRSPTNASRKQKDDTKLSRNARFKSPAHSPEAPPKKSVPTPAFNPFKAAEDTVNDILGTKSVMVALEQTKRQRAASSSSSDSDSSGSSSTSSRTPSPKPTPRKQKKRSKTPELKEVKKEISPRKESRVSVKREQSNSPQKSKSKSKVDESSPKRTSRRSRSISSELRYSPAERHPERYHDIVQDKKRPSKVREAHSTKPAPVVRLRAQSDDGSDAETGVDGAALEEFQQSRREREEQQELRMLEQLKSGIAAKAKQKIKIMEKDPAKEGSEPLVAALADSSLVDAIVSKVSTATVAAAESAARRSRSRERRSRSKRRTSTSHHRHDSSSESRSRYSSSSSRSGSHSSRSGSHSSRTSCSTNSSSGSSSSGSGSGSSQSGSRSPSIPRRRGSPSFLDRRRITSRRSPRSTRR",1062,0.1733,TRUE,1,"954:962","RRSRSRERR",9,9,9,0.6667,0.6667,0.6667,Inf
"FBpp0072689","FBgn0035253","Q9W0B0","CG7971",NA,"catalytic step 2 spliceosome; precatalytic spliceosome","GO:0071013; GO:0071011","mRNA splicing, via spliceosome; RNA splicing","GO:0000398; GO:0008380",NA,NA,"MYNGIGLTTPRGSGTNGHVQRNWACVRPGKKDKDYRAEDDTKKLDAQLNRPPNKEILDHDRKRKIEVKCLELEDILEKQGRTPEEIKSQVDSFRQKLMGQGKTDLAKDEFGRVAARDTHQIAEAQQQKNARLREAFNISEYFVEGSSFDGDRKAKEDLAKSVALQKELDAQRESLAAAAAAAAAGKDKETGKRYALVRTPSRERDRDAGDAAANGDERDHVSKTDKKKRKKRARESSASPERKKKKKSKKHKKESKSKKKRSRKRKHSESGRDSDRDSDEEDDSSEEERRESKNVRKKAKKDKKKRDKKLKKKSRARASSSDSERTNSPSRKENKSDRSRGAKASKSDEKAPQQENVMRSRSRERKDTRSSRPLEASIDSRQRKPRERSAATPPRKEPERHRERSKDRQRSKEKHRSRDRLRSRERQRSRERQRSRERQRSKERQRSKERQRSIERQRSKERQRSKERQRSRSKDALRCKEKPQCNEKERSRERRRSKSKDRQRSKEKHRPKDEQQSVDKRRDRSTDRSKENQRSNERQRSKERQRSKERERSKDRQRSRERRRSKEGQLSKDRQGLKERQRSNERKRSKERQPSKEKQRSRERQRSREPLQSKDRQRSKERQRSRERPAKEARPTRSPRERSSKSRDDRRHRSPTNASRKQKDDTKLSRNARFKSPAHSPEAPPKKSVPTPAFNPFKAAEDTVNDILGTKSVMVALEQTKRQRAASSSSSDSDSSGSSSTSSRTPSPKPTPRKQKKRSKTPELKEVKKEISPRKESRVSVKREQSNSPQKSKSKSKVDESSPKRTSRRSRSISSELRYSPAERHPERYHDIVQDKKRPSKVREAHSTKPAPVVRLRAQSDDGSDAETGVDGAALEEFQQSRREREEQQELRMLEQLKSGIAAKAKQKIKIMEKDPAKEGSEPLVAALADSSLVDAIVSKVSTATVAAAESAARRSRSRERRSRSKRRTSTSHHRHDSSSESRSRYSSSSSRSGSHSSRSGSHSSRTSCSTNSSSGSSSSGSGSGSSQSGSRSPSIPRRRGSPSFLDRRRITSARKRPIPYHHKANAEGEVEDASSCCSSCFSRASSPATPLLTPLRNSRSPSMAAF",1107,0.1662,TRUE,1,"954:962","RRSRSRERR",9,9,9,0.6667,0.6667,0.6667,Inf
"FBpp0292226","FBgn0035253","A8JNI2","CG7971",NA,"catalytic step 2 spliceosome; precatalytic spliceosome","GO:0071013; GO:0071011","mRNA splicing, via spliceosome; RNA splicing","GO:0000398; GO:0008380",NA,NA,"MYNGIGLTTPRGSGTNGHVQRNWACVRPGKKDKDYRAEDDTKKLDAQLNRPPNKEILDHDRKRKIEVKCLELEDILEKQGRTPEEIKSQVDSFRQKLMGQGKTDLAKDEFGRVANTTTSTATAAVRTTATASAATASTMTTTTEATTVKVAKPKKRRKRRKRAGHAITTTTTEKSAAISTPGSKTSSPRTQTGEPASSAPSATSNGARKTKAPYFQHDNREYLAKYESFRLTAHTWNYAAVARKFKPLRPALASGANKTRRPAVSKRTHPDCACACQQKDPEPALEPAHRTAEHSIQKELPSSQMKINIDGSVLLELLKYSSSSLLGTLLGAGSAVATSARDTHQIAEAQQQKNARLREAFNISEYFVEGSSFDGDRKAKEDLAKSVALQKELDAQRESLAAAAAAAAAGKDKETGKRYALVRTPSRERDRDAGDAAANGDERDHVSKTDKKKRKKRARESSASPERKKKKKSKKHKKESKSKKKRSRKRKHSESGRDSDRDSDEEDDSSEEERRESKNVRKKAKKDKKKRDKKLKKKSRARASSSDSERTNSPSRKENKSDRSRGAKASKSDEKAPQQENVMRSRSRERKDTRSSRPLEASIDSRQRKPRERSAATPPRKEPERHRERSKDRQRSKEKHRSRDRLRSRERQRSRERQRSRERQRSKERQRSKERQRSIERQRSKERQRSKERQRSRSKDALRCKEKPQCNEKERSRERRRSKSKDRQRSKEKHRPKDEQQSVDKRRDRSTDRSKENQRSNERQRSKERQRSKERERSKDRQRSRERRRSKEGQLSKDRQGLKERQRSNERKRSKERQPSKEKQRSRERQRSREPLQSKDRQRSKERQRSRERPAKEARPTRSPRERSSKSRDDRRHRSPTNASRKQKDDTKLSRNARFKSPAHSPEAPPKKSVPTPAFNPFKAAEDTVNDILGTKSVMVALEQTKRQRAASSSSSDSDSSGSSSTSSRTPSPKPTPRKQKKRSKTPELKEVKKEISPRKESRVSVKREQSNSPQKSKSKSKVDESSPKRTSRRSRSISSELRYSPAERHPERYHDIVQDKKRPSKVREAHSTKPAPVVRLRAQSDDGSDAETGVDGAALEEFQQSRREREEQQELRMLEQLKSGIAAKAKQKIKIMEKDPAKEGSEVSGSDQVTATKRNSLSEFLVANNVTALINTLTTTTVTLTTTPPPPLAVVVPLEQRQEQPQQRDPDRELSVPVEDTVKKRDTSTPPICKTPQVTANGDAKSPTLVHKNHVHHNRPPPQHMHHHSQQQQHHQHPPGKRIFHNRTLNNNPNSRHSTNNPHACGGGGVPHSNSNSSNSGGNNNNAAMLPFLAGTPGTYNRTTNRLNHGPLLTATHYNICKNHQHSLQQQQAHHLARGLVYNSALFGHGQRHPGLLSLTGAGVGMSGPGAPLLGHPSHVRGGGGPISFNAAAAAAAVAANSISYLHHHHQHQQKPKIVIKPFKIHDPQPLVAALADSSLVDAIVSKVSTATVAAAESAARRSRSRERRSRSKRRTSTSHHRHDSSSESRSRYSSSSSRSGSHSSRSGSHSSRTSCSTNSSSGSSSSGSGSGSSQSGSRSPSIPRRRGSPSFLDRRRITSARKRPIPYHHKANAEGEVEDASSCCSSCFSRASSPATPLLTPLRNSRSPSMAAF",1655,0.1293,TRUE,1,"1502:1510","RRSRSRERR",9,9,9,0.6667,0.6667,0.6667,Inf
"FBpp0301191","FBgn0035253","Q7YZ99","CG7971",NA,"catalytic step 2 spliceosome; precatalytic spliceosome","GO:0071013; GO:0071011","mRNA splicing, via spliceosome; RNA splicing","GO:0000398; GO:0008380",NA,NA,"MYNGIGLTTPRGSGTNGHVQRNWACVRPGKKDKDYRAEDDTKKLDAQLNRPPNKEILDHDRKRKIEVKCLELEDILEKQGRTPEEIKSQVDSFRQKLMGQGKTDLAKDEFGRVAARDTHQIAEAQQQKNARLREAFNISEYFVEGSSFDGDRKAKEDLAKSVALQKELDAQRESLAAAAAAAAAGKDKETGKRYALVRTPSRERDRDAGDAAANGDERDHVSKTDKKKRKKRARESSASPERKKKKKSKKHKKESKSKKKRSRKRKHSESGRDSDRDSDEEDDSSEEERRESKNVRKKAKKDKKKRDKKLKKKSRARASSSDSERTNSPSRKENKSDRSRGAKASKSDEKAPQQENVMRSRSRERKDTRSSRPLEASIDSRQRKPRERSAATPPRKEPERHRERSKDRQRSKEKHRSRDRLRSRERQRSRERQRSRERQRSKERQRSKERQRSIERQRSKERQRSKERQRSRSKDALRCKEKPQCNEKERSRERRRSKSKDRQRSKEKHRPKDEQQSVDKRRDRSTDRSKENQRSNERQRSKERQRSKERERSKDRQRSRERRRSKEGQLSKDRQGLKERQRSNERKRSKERQPSKEKQRSRERQRSREPLQSKDRQRSKERQRSRERPAKEARPTRSPRERSSKSRDDRRHRSPTNASRKQKDDTKLSRNARFKSPAHSPEAPPKKSVPTPAFNPFKAAEDTVNDILGTKSVMVALEQTKRQRAASSSSSDSDSSGSSSTSSRTPSPKPTPRKQKKRSKTPELKEVKKEISPRKESRVSVKREQSNSPQKSKSKSKVDESSPKRTSRRSRSISSELRYSPAERHPERYHDIVQDKKRPSKVREAHSTKPAPVVRLRAQSDDGSDAETGVDGAALEEFQQSRREREEQQELRMLEQLKSGIAAKAKQKIKIMEKDPAKEGSEPLVAALADSSLVDAIVSKVSTATVAAAESAARRSRSRERRSRSKRRTSTSHHRHDSSSESRSRYSSSSSRSGSHSSRSGSHSSRTSCSTNSSSGSSSSGSGSGSSQSGSRSPSIPRRRGSPSFLDRRRITSRRSPRSTRR",1062,0.1733,TRUE,1,"954:962","RRSRSRERR",9,9,9,0.6667,0.6667,0.6667,Inf
"FBpp0072690","FBgn0035253","Q86BP9","CG7971",NA,"catalytic step 2 spliceosome; precatalytic spliceosome","GO:0071013; GO:0071011","mRNA splicing, via spliceosome; RNA splicing","GO:0000398; GO:0008380",NA,NA,"MGQGKTDLAKDEFGRVAARDTHQIAEAQQQKNARLREAFNISEYFVEGSSFDGDRKAKEDLAKSVALQKELDAQRESLAAAAAAAAAGKDKETGKRYALVRTPSRERDRDAGDAAANGDERDHVSKTDKKKRKKRARESSASPERKKKKKSKKHKKER",158,0.1076,FALSE,0,NA,NA,NA,NA,NA,NA,NA,NA,1.11111111111111e+157
"FBpp0311152","FBgn0035253","X2J8K5","CG7971",NA,"catalytic step 2 spliceosome; precatalytic spliceosome","GO:0071013; GO:0071011","mRNA splicing, via spliceosome; RNA splicing","GO:0000398; GO:0008380",NA,NA,"MGQGKTDLAKDEFGRVAARDTHQIAEAQQQKNARLREAFNISEYFVEGSSFDGDRKAKEDLAKSVALQKELDAQRESLAAAAAAAAAGKDKETGKRYALVRTPSRERDRDAGDAAANGDERDHVSKTDKKKRKKRARESSASPERKKKKKSKKHKKERDSYEKESKKKRKATYK",174,0.1034,FALSE,0,NA,NA,NA,NA,NA,NA,NA,NA,1.11111111111111e+173
"FBpp0076397","FBgn0035880","Q8IQA9","Culd",NA,"integral component of membrane; early endosome; membrane","GO:0016021; GO:0005769; GO:0016020","endocytosis; photoreceptor cell maintenance; rhodopsin metabolic process","GO:0006897; GO:0045494; GO:0046154","protein binding","GO:0005515","MLAEALGYGYLLAYVICLLCWPGEAYPASSSYRDLDICNHWDGRRHFLELGSPAGEVHARNVTTTAYRSSPLVFKNDAVAGDVWYQCSLELVTCAECVIRVAFTYANFSKSCGNTGGKSSMCPCEHIQFSEPPYDSTISGQEFCGDGKVFRSKTRTLQLKFFYRASNAHVFSLQYFSERNVRIVSGSPKQSIVGNGSTKSQPQVISTPYFPMAYPRDYGIEHILTCEADNCQVRLDFTDFQLGLTSTLEIFDSNGQMLDSYTGEHFRPPITVSSGKSLLLQFRGNSATGVGFRAEVSFVSSKQLKDERLVPYTDCGGMVTGPGGAITMMNMIENATDVRLFDCIWIIKPGNNYMMMKTHISLRVDDFYGMAARSELTIRQGTTSDAVEIENVMWPNNGLSKESHVAPILNGYYIRLRGVFGMSSKLAIVYSVFNYLNCYIGSEFLCGNNHCISIRLHCDGFDHCGDGSDEPDSCEEDWAHLHHDRRWYSHKPNYYFPKIDQYPDLKTATGIFIISTLGIFGVLSGWMVILYRMGVRARHQRELQSHLQTISELLDRQDEDRTPDEPPSYEAPPDYEEVIKVGMQQELREPRRQRRARRAPPRDRSCSRAASNCTVQSVLPLHRSCTLERDQEQPSTSAAAMTHAVAATDTTEDAEHVQTMAQRMLLATAICGTAGTSLPAAKESGQRVQSVGISTSPSSLSAGGELPTAGGSATTPGSTADECTQGGDSLSISLTLGLPSTTAESPVTTDQNQLQKQSPEQTISNCTEHTFLKRSWLVVQQVPPGRGYRVRRLRHTFSSPEAFTSDELHLPYPDFLSYGTNLPHERSSSNFGSELSRDPSSYSVGKRARLTPEDTSGSETITQEMEQSNQTLQSHVIVESHPNHSESESEAEQQVSCFGAVAQRPKRRHRGHVRSRSFSNARGGSAGRRRLMQRSSSADLLMNYATMAVSTPQKTSEAMQRLFFI",965,0.0705,TRUE,1,"591:598","RRQRRARR",8,8,8,0.75,0.75,0.75,Inf
"FBpp0076398","FBgn0035880","Q9VSI3","Culd",NA,"integral component of membrane; early endosome; membrane","GO:0016021; GO:0005769; GO:0016020","endocytosis; photoreceptor cell maintenance; rhodopsin metabolic process","GO:0006897; GO:0045494; GO:0046154","protein binding","GO:0005515","MLAEALGYGYLLAYVICLLCWPGEAYPASSSYRDLDICNHWDGRRHFLELGSPAGEVHARNVTTTAYRSSPLVFKNDAVAGDVWYQCSLELVTCAECVIRVAFTYANFSKSCGNTGGKSSMCPCEHIQFSEPPYDSTISGQEFCGDGKVFRSKTRTLQLKFFYRASNAHVFSLQYFSERNVRIVSGSPKQSIVGNGSTKSQPQVISTPYFPMAYPRDYGIEHILTCEADNCQVRLDFTDFQLGLTSTLEIFDSNGQMLDSYTGEHFRPPITVSSGKSLLLQFRGNSATGVGFRAEVSFVSSKQLKDERLVPYTDCGGMVTGPGGAITMMNMIENATDVRLFDCIWIIKPGNNYMMMKTHISLRVDDFYGMAARSELTIRQGTTSDAVEIENVMWPNNGLSKESHVAPILNGYYIRLRGVFGMSSKLAIVYSVFNYLNCYIGSEFLCGNNHCISIRLHCDGFDHCGDGSDEPDSCEEDWAHLHHDRRWYSHKPNYYFPKIDQYPDLKTATGIFIISTLGIFGVLSGWMVILYRMGVRARHQRELQSHLQTISELLDRQDEDRTPDEPPSYEAPPDYEEVIKVGMQQELREPRRQRRARRAPPRDRSCSRAASNCTVQSVLPLHRSCTLERDQEQPSTSAAAMTHAVAATDTTEDAEHVQTMAQRMLLATAICESHLQALQARLSRQQRSQGSGSNPWGFQRARHRYPLGVNYPQQVGQPQRPAARQMSAPREATHLAFHSL",740,0.073,TRUE,1,"591:598","RRQRRARR",8,8,8,0.75,0.75,0.75,Inf
"FBpp0076399","FBgn0035880","Q8IQA8","Culd",NA,"integral component of membrane; early endosome; membrane","GO:0016021; GO:0005769; GO:0016020","endocytosis; photoreceptor cell maintenance; rhodopsin metabolic process","GO:0006897; GO:0045494; GO:0046154","protein binding","GO:0005515","MLAEALGYGYLLAYVICLLCWPGEAYPASSSYRDLDICNHWDGRRHFLELGSPAGEVHARNVTTTAYRSSPLVFKNDAVAGDVWYQCSLELVTCAECVIRVAFTYANFSKSCGNTGGKSSMCPCEHIQFSEPPYDSTISGQEFCGDGKVFRSKTRTLQLKFFYRASNAHVFSLQYFSERNVRIVSGSPKQSIVGNGSTKSQPQVISTPYFPMAYPRDYGIEHILTCEADNCQVRLDFTDFQLGLTSTLEIFDSNGQMLDSYTGEHFRPPITVSSGKSLLLQFRGNSATGVGFRAEVSFVSSKQLKDERLVPYTDCGGMVTGPGGAITMMNMIENATDVRLFDCIWIIKPGNNYMMMKTHISLRVDDFYGMAARSELTIRQGTTSDAVEIENVMWPNNGLSKESHVAPILNGYYIRLRGVFGMSSKLAIVYSVFNYLNCYIGSEFLCGNNHCISIRLHCDGFDHCGDGSDEPDSCEEDWAHLHHDRRWYSHKPNYYFPKIDQYPDLKTATGIFIISTLGIFGVLSGWMVILYRMGVRARHQRELQSHLQTISELLDRQDEDRTPDEPPSYEAPPDYEEVIKVGMQQELREPRRQRRARRAPPRDRSCSRAASNCTVQSVLPLHRSCTLERDQEQPSTSAAAMTHAVAATDTTEDAEHVQTMAQRMLLATAICGRSRVPPIPPCSR",684,0.0702,TRUE,1,"591:598","RRQRRARR",8,8,8,0.75,0.75,0.75,Inf
"FBpp0112067","FBgn0035880","A8JNN6","Culd",NA,"endocytosis; photoreceptor cell maintenance; rhodopsin metabolic process","GO:0006897; GO:0045494; GO:0046154","early endosome","GO:0005769",NA,NA,"MLAEALGYGYLLAYVICLLCWPGEAYPASSSYRDLDICNHWDGRRHFLELGSPAGEVHARNVTTTAYRSSPLVFKNDAVAGDVWYQCSLELVTCAECVIRVAFTYANFSKSCGNTGGKSSMCPCEHIQFSEPPYDSTISGQEFCGDGKVFRSKTRTLQLKFFYRASNAHVFSLQYFSERKI",181,0.0552,FALSE,0,NA,NA,NA,NA,NA,NA,NA,NA,1.11111111111111e+180
"FBpp0079778","FBgn0051869","Q9VKQ0","CG31869",NA,"integral component of membrane; membrane","GO:0016021; GO:0016020","protein binding","GO:0005515",NA,NA,"MHRTEKHSEAFQLRVSPEFHRKDSGTDLQMSRKKCNNNQQRRGRRRRTDLGNPLGIHGSISLAILMLTICMANTSTAVPAMESSSASSAVVTVAVTPSILSSSSSGGSVGGFHGLAASSTESPSSASPEQQQPQGQCLQDGLWVAESATRCQYQTSCRAIQRTGHCCPDYKCDCEKDGKTYANGDKLVAPDTPCTVCYCKGGEIVCSPVTCYRRDDCMPKYVPGRCCPQYDNCPILDNNPPLASEPVSSSTTTTAKPMALAQPAGFNWNITIKEITKPTEIRITDDNKAKPSIPTRKQSNLMLTTEGPAAPVTSSSLDTTTAGSAGATGAAATTAAAPASSSTAAAAATSSATAATPTDSTATPMPSQDGNQKALPGGTESLKLIASVGYIERPLSPSSSIIVEQQVKPLVTYNADGLQPLTSNDPSKVNIKREYTTEGSTLSTKNYEESALPIFVQNGFRDSLVEPSDAELEPDTAGSDNIYHIISTTEGPGTVIKVTTDAPPKPSETSPTIQTVISPNTTKSDVESSSDSVAVSSEMPPVSSTHHMDVDDDVPQVESNPAYPSLPEDDFSLRDVNFPLVELEDIAESEKDEPRSIPSPFEVDHRHVKLATDTSLDGSGSGSGGGDIDLYQDKSSTTEEMMASGSSIHEKSSLVPLLMYSGEDISGETRIQNGSDLQLEKISQGEEVELGSGEIREPVTPKTNAVSTLEIDELGSGAGQVGGVDPKADAKSLKLDESQETVARTSASGLDKSSARAEKSFVERALPLGRLYLQRIY",777,0.0399,TRUE,1,"41:47","RRGRRRR",7,7,7,0.8571,0.8571,0.8571,Inf
"FBpp0288685","FBgn0051869","Q9VKQ0","CG31869",NA,"integral component of membrane; membrane","GO:0016021; GO:0016020","protein binding","GO:0005515",NA,NA,"MHRTEKHSEAFQLRVSPEFHRKDSGTDLQMSRKKCNNNQQRRGRRRRTDLGNPLGIHGSISLAILMLTICMANTSTAVPAMESSSASSAVVTVAVTPSILSSSSSGGSVGGFHGLAASSTESPSSASPEQQQPQGQCLQDGLWVAESATRCQYQTSCRAIQRTGHCCPDYKCDCEKDGKTYANGDKLVAPDTPCTVCYCKGGEIVCSPVTCYRRDDCMPKYVPGRCCPQYDNCPILDNNPPLASEPVSSSTTTTAKPMALAQPAGFNWNITIKEITKPTEIRITDDNKAKPSIPTRKQSNLMLTTEGPAAPVTSSSLDTTTAGSAGATGAAATTAAAPASSSTAAAAATSSATAATPTDSTATPMPSQDGNQKALPGGTESLKLIASVGYIERPLSPSSSIIVEQQVKPLVTYNADGLQPLTSNDPSKVNIKREYTTEGSTLSTKNYEESALPIFVQNGFRDSLVEPSDAELEPDTAGSDNIYHIISTTEGPGTVIKVTTDAPPKPSETSPTIQTVISPNTTKSDVESSSDSVAVSSEMPPVSSTHHMDVDDDVPQVESNPAYPSLPEDDFSLRDVNFPLVELEDIAESEKDEPRSIPSPFEVDHRHVKLATDTSLDGSGSGSGGGDIDLYQDKSSTTEEMMASGSSIHEKSSLVPLLMYSGEDISGETRIQNGSDLQLEKISQGEEVELGSGEIREPVTPKTNAVSTLEIDELGSGAGQVGGVDPKADAKSLKLDESQETVARTSASGLDKSSARAEKSFVERALPLGRLYLQRIY",777,0.0399,TRUE,1,"41:47","RRGRRRR",7,7,7,0.8571,0.8571,0.8571,Inf
"FBpp0288684","FBgn0051869","B7YZV0","CG31869",NA,NA,NA,NA,NA,NA,NA,"MTHTLIQQYFRRIFDYWHKHTPFVAGGEIVCSPVTCYRRDDCMPKYVPGRCCPQYDNCPILDNNPPLASEPVSSSTTTTAKPMALAQPAGFNWNITIKEITKPTEIRITDDNKAKPSIPTRKQSNLMLTTEGPAAPVTSSSLDTTTAGSAGATGAAATTAAAPASSSTAAAAATSSATAATPTDSTATPMPSQDGNQKALPGGTESLKLIASVGYIERPLSPSSSIIVEQQVKPLVTYNADGLQPLTSNDPSKVNIKREYTTEGSTLSTKNYEESALPIFVQNGFRDSLVEPSDAELEPDTAGSDNIYHIISTTEGPGTVIKVTTDAPPKPSETSPTIQTVISPNTTKSDVESSSDSVAVSSEMPPVSSTHHMDVDDDVPQVESNPAYPSLPEDDFSLRDVNFPLVELEDIAESEKDEPRSIPSPFEVDHRHVKLATDTSLDGSGSGSGGGDIDLYQDKSSTTEEMMASGSSIHEKSSLVPLLMYSGEDISGETRIQNGSDLQLEKISQGEEVELGSGEIREPVTPKTNAVSTLEIDELGSGAGQVGGVDPKADAKSLKLDESQETVARTSASGLDKSSARAEKSFVERALPLGRLYLQRIY",602,0.0332,FALSE,0,NA,NA,NA,NA,NA,NA,NA,NA,Inf
"FBpp0300571","FBgn0053978","Q2PDM3","CG33978",NA,"integral component of membrane; membrane; cellular_component","GO:0016021; GO:0016020; GO:0005575","molecular_function","GO:0003674","biological_process","GO:0008150","MLQPREDNKISDIFHKKYDTSTSTRRMMYSTYYNFNLSRVLFTTLLFTMMHIETSHAINQSYHVSPTPTLPAISGDDITTVLLVNNESGHMGDFHGRFLTVRPEIGVLKSTARTFIQDGITTEFATKIVGTTLNNGRLYAQYLKKSSRVLYENENISPSVVTSWVGEEDSLQTPLVLQSHNDLFNIDDSNWQDIDDSIGAHQREFVGNTDFVNEQNTKNKVLEAPALQDKKTISYMGSDSNDTLRTDFKKEDEINRLIEVLSIKHLETYTVKMPFGNYPTSSLNQSHLDHRKERKYEHLMQPHTEKKNEDHNQKSRSDHKQVLASVTYYGFADFTTIVGDSVIVFSPSTTQSILHYGHVTSIKGKPTLQHDLIPEEIAQTSKISLSTLKMGTSSGKYEEFVSNISASKMFDKNELKNLSVLKPTNPSPTFANNSFNEEQEASSVLSKDIVPFVSKAFNDIISPSFVNGVKEGTKHNEPSIIKQEGATTVFIDDDPFTSFDDLSGSTSLKLNSANEIKSIKSFEMSKSDEIREIVAYQTNINFTKDSLDINPLFETSNENHDFEELCNHTTSQVFLTQMSKANISNEKNSMDTIDIDANPLHAYEIVETTKYYCIQASQSKQTPELDIIVTHETFTKSRGEFVSTYSIDDDIDETTVQDLGDYEGTTENEYESEEEEYESVSDEVDLIYKTLYTTYTYLTTFFEGSRTTISSHTEVLTNIVSSTLLPKAKLKSNTLNYVGENQISDNTIRLIDHKTTEFSQKYSIPDEIASLLIQESKVNTAESSSQMMTTLRDDLIYSKTLLTTYTYYTSIFTNNETEVQSRTEIVTNYITDNVSNNETNFIRNPQTANLNFLKSQHSLVEEKIDKVVNMAYGMSVNSSMLRDSSPASFINQNLLDDQVSSESNTEEIIPSATFLLQTSFTTFTFYTTMYVGNDTSIISRHETITNVATEALHPTKLISVEDYSLPITYFTTFTYWTKLAKDGEITTLSREETLSNVIQHSNGTTLTVNDLKTADKVSSQSTATDSDTENDRNCKSESSLFSTLENQIYQSDITTFYTTYTYYTTSYDVNTTIIDSRLETVTNIITSREMSNPMEETDATILMIKPSQPIAYYENPIETIKPNVVLYDYKQIIDAENISTLYFTTEIVSSMNSEGYAIKLTSSTSRLHVDQSKKSRMSTIYGKIPDDSLNLYKTGLVRLIEGKRIQNSTTTLYQSRVIGTLIENRYAQIIESTSSFFFEKTKSEHILFPTSVEISGMITKNVDLIDVIESTKSENDTTVAPYIDQKNTKPESDNTDGLSNHSPQNAKRPFAPVIRPFASRNRPTFAPKQKTLVPSSATIITRSDITPTITATPALKAVGRYTASRRGIISNVPINLNEPNLSQSSQSSRRLFGRPSKSMYDLIEANSTLQSSNAFSPSKTRFTSPLRPGVSSRRPNINISYRSSSFPVFRGSGVIANTRLRIKPTSIGIQSSYRPTQSTTFATESSSEDSVEEDTSPDEESDVEEGIKNNNNSPLLRFRRPINAPSGFSPPIRQTGNSPVVSLRRNPLSPRAKISTTTSSTTTTTAKPRARSFQRPIGPHPRSRPQNTLFPPRGLFQTQIKNENLKVPRTNDSVPNNDFEYEGGVEDQDLDENIHRRKRSIKYSVRFTTGNRVRRQADTVRRNRFRFRRQNQTATTKVESKLMDSDNNTEPILTPRDKSSSRFGSRFHSPQVHQLYTQALIAESPTATNHRSIRPSRPTTKRPQFTLREKDANLKGTASKNFRRQPASGNSRRPVGNSGNSNSRRLKSYVSYNKNNLDNGRPSSSPRSRNSNSNTLNRGRSRGRNRVDYASDVQSVENDLQTITVTHYIPSEVTVPVVSGHITEYKSIVTAKSSTEIVGPNDFAVVLGSNGISSTYLNRETSIINIAGATEHTKYLLHESITSSVTFTPTTIRGRKTSFSHIIPSTAYSVEYIVTTMQPQISENAPLANILLSQLLLGNLNLPAHPLIGAVGQQNVPSTIIPTSVEPITEYRTHTSTYVTTIFDGKSTILPVTFQGKKILTTVYDTTAQTITATEYSVDTIINTLPSVQSVHTVGPAAHVNNLLLQQLLIQQQHESLVQAISNPTPPQVLLSENLQVLDDGTRTSIKSDAIDIEYDSDLVSVSNESQPTKGHRKKSRKSSSGNKRSKQEPSVITLYVSGRRPGEFSTVLSTVKNEHDHSVSLQKRHAVLEIQPTNSIKYVSSIERSKNIMEKNDILRDIRSSLTIDIGFNDLPDQTASLESIVGDVDLWFANSNRQSSTVTTFIKSVVV",2289,0.0516,TRUE,1,"1661:1669","RRNRFRFRR",9,9,9,0.6667,0.6667,0.6667,Inf
"FBpp0302584","FBgn0053978","Q2PDM3","CG33978",NA,"integral component of membrane; membrane; cellular_component","GO:0016021; GO:0016020; GO:0005575","molecular_function","GO:0003674","biological_process","GO:0008150","MLQPREDNKISDIFHKKYDTSTSTRRMMYSTYYNFNLSRVLFTTLLFTMMHIETSHAINQSYHVSPTPTLPAISGDDITTVLLVNNESGHMGDFHGRFLTVRPEIGVLKSTARTFIQDGITTEFATKIVGTTLNNGRLYAQYLKKSSRVLYENENISPSVVTSWVGEEDSLQTPLVLQSHNDLFNIDDSNWQDIDDSIGAHQREFVGNTDFVNEQNTKNKVLEAPALQDKKTISYMGSDSNDTLRTDFKKEDEINRLIEVLSIKHLETYTVKMPFGNYPTSSLNQSHLDHRKERKYEHLMQPHTEKKNEDHNQKSRSDHKQVLASVTYYGFADFTTIVGDSVIVFSPSTTQSILHYGHVTSIKGKPTLQHDLIPEEIAQTSKISLSTLKMGTSSGKYEEFVSNISASKMFDKNELKNLSVLKPTNPSPTFANNSFNEEQEASSVLSKDIVPFVSKAFNDIISPSFVNGVKEGTKHNEPSIIKQEGATTVFIDDDPFTSFDDLSGSTSLKLNSANEIKSIKSFEMSKSDEIREIVAYQTNINFTKDSLDINPLFETSNENHDFEELCNHTTSQVFLTQMSKANISNEKNSMDTIDIDANPLHAYEIVETTKYYCIQASQSKQTPELDIIVTHETFTKSRGEFVSTYSIDDDIDETTVQDLGDYEGTTENEYESEEEEYESVSDEVDLIYKTLYTTYTYLTTFFEGSRTTISSHTEVLTNIVSSTLLPKAKLKSNTLNYVGENQISDNTIRLIDHKTTEFSQKYSIPDEIASLLIQESKVNTAESSSQMMTTLRDDLIYSKTLLTTYTYYTSIFTNNETEVQSRTEIVTNYITDNVSNNETNFIRNPQTANLNFLKSQHSLVEEKIDKVVNMAYGMSVNSSMLRDSSPASFINQNLLDDQVSSESNTEEIIPSATFLLQTSFTTFTFYTTMYVGNDTSIISRHETITNVATEALHPTKLISVEDYSLPITYFTTFTYWTKLAKDGEITTLSREETLSNVIQHSNGTTLTVNDLKTADKVSSQSTATDSDTENDRNCKSESSLFSTLENQIYQSDITTFYTTYTYYTTSYDVNTTIIDSRLETVTNIITSREMSNPMEETDATILMIKPSQPIAYYENPIETIKPNVVLYDYKQIIDAENISTLYFTTEIVSSMNSEGYAIKLTSSTSRLHVDQSKKSRMSTIYGKIPDDSLNLYKTGLVRLIEGKRIQNSTTTLYQSRVIGTLIENRYAQIIESTSSFFFEKTKSEHILFPTSVEISGMITKNVDLIDVIESTKSENDTTVAPYIDQKNTKPESDNTDGLSNHSPQNAKRPFAPVIRPFASRNRPTFAPKQKTLVPSSATIITRSDITPTITATPALKAVGRYTASRRGIISNVPINLNEPNLSQSSQSSRRLFGRPSKSMYDLIEANSTLQSSNAFSPSKTRFTSPLRPGVSSRRPNINISYRSSSFPVFRGSGVIANTRLRIKPTSIGIQSSYRPTQSTTFATESSSEDSVEEDTSPDEESDVEEGIKNNNNSPLLRFRRPINAPSGFSPPIRQTGNSPVVSLRRNPLSPRAKISTTTSSTTTTTAKPRARSFQRPIGPHPRSRPQNTLFPPRGLFQTQIKNENLKVPRTNDSVPNNDFEYEGGVEDQDLDENIHRRKRSIKYSVRFTTGNRVRRQADTVRRNRFRFRRQNQTATTKVESKLMDSDNNTEPILTPRDKSSSRFGSRFHSPQVHQLYTQALIAESPTATNHRSIRPSRPTTKRPQFTLREKDANLKGTASKNFRRQPASGNSRRPVGNSGNSNSRRLKSYVSYNKNNLDNGRPSSSPRSRNSNSNTLNRGRSRGRNRVDYASDVQSVENDLQTITVTHYIPSEVTVPVVSGHITEYKSIVTAKSSTEIVGPNDFAVVLGSNGISSTYLNRETSIINIAGATEHTKYLLHESITSSVTFTPTTIRGRKTSFSHIIPSTAYSVEYIVTTMQPQISENAPLANILLSQLLLGNLNLPAHPLIGAVGQQNVPSTIIPTSVEPITEYRTHTSTYVTTIFDGKSTILPVTFQGKKILTTVYDTTAQTITATEYSVDTIINTLPSVQSVHTVGPAAHVNNLLLQQLLIQQQHESLVQAISNPTPPQVLLSENLQVLDDGTRTSIKSDAIDIEYDSDLVSVSNESQPTKGHRKKSRKSSSGNKRSKQEPSVITLYVSGRRPGEFSTVLSTVKNEHDHSVSLQKRHAVLEIQPTNSIKYVSSIERSKNIMEKNDILRDIRSSLTIDIGFNDLPDQTASLESIVGDVDLWFANSNRQSSTVTTFIKSVVV",2289,0.0516,TRUE,1,"1661:1669","RRNRFRFRR",9,9,9,0.6667,0.6667,0.6667,Inf
"FBpp0302583","FBgn0053978","L0MLI5","CG33978",NA,"integral component of membrane; membrane; cellular_component","GO:0016021; GO:0016020; GO:0005575","calcium ion binding; molecular_function","GO:0005509; GO:0003674","biological_process","GO:0008150","MLQPREDNKISDIFHKKYDTSTSTRRMMYSTYYNFNLSRVLFTTLLFTMMHIETSHAINQSYHVSPTPTLPAISGDERNQLERHSFKEHRETKKFNTSYELKNENNFLHGSISEKVLDEARYNLATHLMSNGVELIITNEKEKYIENIGLTTQKVTSNNSQPILITIRSDKPLTLAPSTLKNQLTLSLPPIRKDPPSIPKNVFVRKICLTTYTYHTTNVKNGSFHLVSKKVVITNSFTEDRNYLQASNSMIADVTFSKTPDLLVAMYPTTYHYFNTIDRGQSTPIMFTSKDTVTSTIMRPKHSLALPHSIIDVSPSTKTYFSYILFTRTLYDELGNSIHITRKKNFTEVVLTQPFHDSTYMNTKVTDIVSSVAQFNNSSSSAMNYEESDYLIIYSTKAMLETQTFCTSIYNSSLTITKEACERDIRVPNHQLKRQTHLIKNIITDTVGSSLLNSNILLSLKSKLLLISNKHKRESIVTIITLLPGEIIRVTGVYIIQTPNLNIFATSKKQNIFISSTISLLSATSMSSERNPTLITKKADFDENFRKELKNDSLYTSPFTYNNTELMLSASENSDIYIRTKNKLIHSRLSSATSKTSAIKILGLESFRPVVNVVAHVLTKQFVNLQKDQPYTQYNEGCPKSNRIQSQTISTVMEQPVYIPLAQNISEELKENRLKSDHLGKLNISILHIYPPRMDALRNTKKNISARHEYAGYMKTSRIYENELMNTGIPIRPGEVITANANVIFGRPNINVGVSHNFNENKMTVNNRHTISLKSLPLNNPTYSNIWDNSQNKRAKIDYASMLKPAIPINHQKQLKSATIHSRFSPIKILQKNPSLKYSSSFNPIIHLDAAFYRHHILDIFRIPQKITSLSVSKSYFAMSNSPEYSFSQDVHHDPVKTSLSNVTPLILSKLSIVQQIKLKSNVISHTINMHAGPLTFETESESIPYATTVKGYTGTFFISHIKIPIRDEKIDVHITPNRKSLLSHEYDNLDHDKYYNKVKFHGVSFGSIMAPNKKPDVYQNDFPSQPTARLDSTHNGELTKHINEAPYMNVKAFTEPDQTAAFNNFKNKNLFSSTILNKMWSVISTNSKSSTKKNCTEDLCKLFLAKYANSHPKYFTEHSGINTTVPKPSNFSAYYSSISSEYNNFTSSLTSRGLTSINDIKVQTSNMELSNSLLYNLGSLRTIQEPHFEPGQDLLSVTLCVTRNVKNCKNSLIHKLKNDDKMLEPSEIMQDDTNSLLQKSMEADFVSLAVKNSITEKIAKNLNTLEVVKTEVIDAQKYIDLKNIIVNTSKTNVMKPVFISVQKVLISQDSSYVSILNGSEYVVDPYNVKDYSIPSGSGDNFEMENIQSFSRHTDFRNKSSSSLISNSKPDQIINASSDLRNMPFRADLIDSMSQRIDLIKQKSKTACDPKCRLNKNEICVTYGNSTESIGICECRPSFGRMFPDRPCKPTYTYEMRIQTYWTENHLLKFSNNIKSNSLIEYRHISKILLEAADRMVMQSDYRDIFHGVQLQSVFAKTNDTLMVTYLLQLSENSNEDQLTTVFQKYLRQSNFSIGGTRLYTSREGLQFLTIKDFDECRNEHFYDCSPNAQCFNLIGSYTCSCKKGYVDKSENSLYPGRHCLNNIIGCDKCNYNGKCVNVSAEKSHKEIAICKCYAWYAGTKCQVNLKVIILFILTSGAILSLVLFLFLLIITKRKKQVDWKTSQLFIASSSLSPSLTTSTKSVREMENVGELCKVMTLISKKEYNEVNNHFISPETHKKTIVIENYTNAIASTKVQDLNIKGAFTQNDILYGSTDRGSQHEDQINRSLTLRIPRAKFRFPDISQNSCLCHKGKRSSLNITGKILVQKDDDYMAAYRSFGPSCEKDLKYLTLSDNLFYRGNTVAKADLVPVGYGVSSLITDQIESPTLDENISINKAYSNSSSALNEDSNTMTERDLGSTFLLPHTHLYKTDKVCCSSRYYLRNLN",1965,0.0387,FALSE,0,NA,NA,NA,NA,NA,NA,NA,NA,Inf
"FBpp0302585","FBgn0053978","L0MPM5","CG33978",NA,"integral component of membrane; membrane; cellular_component","GO:0016021; GO:0016020; GO:0005575","calcium ion binding; molecular_function","GO:0005509; GO:0003674","biological_process","GO:0008150","MLQPREDNKISDIFHKKYDTSTSTRRMMYSTYYNFNLSRVLFTTLLFTMMHIETSHAINQSYHVSPTPTLPAISGDERNQLERHSFKEHRETKKFNTSYELKNENNFLHGSISEKVLDEARYNLATHLMSNGVELIITNEKEKYIENIGLTTQKVTSNNSQPILITIRSDKPLTLAPSTLKNQLTLSLPPIRKDPPSIPKNVFVRKICLTTYTYHTTNVKNGSFHLVSKKVVITNSFTEDRNYLQASNSMIADVTFSKTPDLLVAMYPTTYHYFNTIDRGQSTPIMFTSKDTVTSTIMRPKHSLALPHSIIDVSPSTKTYFSYILFTRTLYDELGNSIHITRKKNFTEVVLTQPFHDSTYMNTKVTDIVSSVAQFNNSSSSAMNYEESDYLIIYSTKAMLETQTFCTSIYNSSLTITKEACERDIRVPNHQLKRQTHLIKNIITDTVGSSLLNSNILLSLKSKLLLISNKHKRESIVTIITLLPGEIIRVTGVYIIQTPNLNIFATSKKQNIFISSTISLLSATSMSSERNPTLITKKADFDENFRKELKNDSLYTSPFTYNNTELMLSASENSDIYIRTKNKLIHSRLSSATSKTSAIKILGLESFRPVVNVVAHVLTKQFVNLQKDQPYTQYNEGCPKSNRIQSQTISTVMEQPVYIPLAQNISEELKENRLKSDHLGKLNISILHIYPPRMDALRNTKKNISARHEYAGYMKTSRIYENELMNTGIPIRPGEVITANANVIFGRPNINVGVSHNFNENKMTVNNRHTISLKSLPLNNPTYSNIWDNSQNKRAKIDYASMLKPAIPINHQKQLKSATIHSRFSPIKILQKNPSLKYSSSFNPIIHLDAAFYRHHILDIFRIPQKITSLSVSKSYFAMSNSPEYSFSQDVHHDPVKTSLSNVTPLILSKLSIVQQIKLKSNVISHTINMHAGPLTFETESESIPYATTVKGYTGTFFISHIKIPIRDEKIDVHITPNRKSLLSHEYDNLDHDKYYNKVKFHGVSFGSIMAPNKKPDVYQNDFPSQPTARLDSTHNGELTKHINEAPYMNVKAFTEPDQTAAFNNFKNKNLFSSTILNKMWSVISTNSKSSTKKNCTEDLCKLFLAKYANSHPKYFTEHSGINTTVPKPSNFSAYYSSISSEYNNFTSSLTSRGLTSINDIKVQTSNMELSNSLLYNLGSLRTIQEPHFEPGQDLLSVTLCVTRNVKNCKNSLIHKLKNDDKMLEPSEIMQDDTNSLLQKSMEADFVSLAVKNSITEKIAKNLNTLEVVKTEVIDAQKYIDLKNIIVNTSKTNVMKPVFISVQKVLISQDSSYVSILNGSEYVVDPYNVKDYSIPSGSGDNFEMENIQSFSRHTDFRNKSSSSLISNSKPDQIINASSDLRNMPFRADLIDSMSQRIDLIKQKSKTACDPKCRLNKNEICVTYGNSTESIGICECRPSFGRMFPDRPCKPTYTYEMRIQTYWTENHLLKFSNNIKSNSLIEYRHISKILLEAADRMVMQSDYRDIFHGVQLQSVFAKTNDTLMVTYLLQLSENSNEDQLTTVFQKYLRQSNFSIGGTRLYTSREGLQFLTIKDFDECRNEHFYDCSPNAQCFNLIGSYTCSCKKGYVDKSENSLYPGRHCLNNIIGCDKCNYNGKCVNVSAEKSHKEIAICKCYAWYAGTKCQVNLKVIILFILTSGAILSLVLFLFLLIITKRKKQVDWKTSQLFIASSSLSPSLTTSTKSVREMENVGELCKVMTLISKKEYNEVNNHFISPETHKKTIVIENYTNAIASTKVQDLNIKGAFTQNDILYGSTDRGSQHEDQINRSLTLRIPRAKFRFPDISQNSCLCHKGKRSSLNITGKILVQKDDDYMAAYRSFGPSCEKDLKYLTLSDNLFYRGNTVAKADLVPVGYGVSSLITDQIESPTSSALNEDSNTMTERDLGSTFLLPHTHLYKTDKVCCSSRYYLRNLN",1951,0.039,FALSE,0,NA,NA,NA,NA,NA,NA,NA,NA,Inf
"FBpp0306415","FBgn0053978","L0MPW2","CG33978",NA,"integral component of membrane; membrane; cellular_component","GO:0016021; GO:0016020; GO:0005575","calcium ion binding; molecular_function","GO:0005509; GO:0003674","biological_process","GO:0008150","MLQPREDNKISDIFHKKYDTSTSTRRMMYSTYYNFNLSRVLFTTLLFTMMHIETSHAINQSYHVSPTPTLPAISGDERNQLERHSFKEHRETKKFNTSYELKNENNFLHGSISEKVLDEARYNLATHLMSNGVELIITNEKEKYIENIGLTTQKVTSNNSQPILITIRSDKPLTLAPSTLKNQLTLSLPPIRKDPPSIPKNVFVRKICLTTYTYHTTNVKNGSFHLVSKKVVITNSFTEDRNYLQASNSMIADVTFSKTPDLLVAMYPTTYHYFNTIDRGQSTPIMFTSKDTVTSTIMRPKHSLALPHSIIDVSPSTKTYFSYILFTRTLYDELGNSIHITRKKNFTEVVLTQPFHDSTYMNTKVTDIVSSVAQFNNSSSSAMNYEESDYLIIYSTKAMLETQTFCTSIYNSSLTITKEACERDIRVPNHQLKRQTHLIKNIITDTVGSSLLNSNILLSLKSKLLLISNKHKRESIVTIITLLPGEIIRVTGVYIIQTPNLNIFATSKKQNIFISSTISLLSATSMSSERNPTLITKKADFDENFRKELKNDSLYTSPFTYNNTELMLSASENSDIYIRTKNKLIHSRLSSATSKTSAIKILGLESFRPVVNVVAHVLTKQFVNLQKDQPYTQYNEGCPKSNRIQSQTISTVMEQPVYIPLAQNISEELKENRLKSDHLGKLNISILHIYPPRMDALRNTKKNISARHEYAGYMKTSRIYENELMNTGIPIRPGEVITANANVIFGRPNINVGVSHNFNENKMTVNNRHTISLKSLPLNNPTYSNIWDNSQNKRAKIDYASMLKPAIPINHQKQLKSATIHSRFSPIKILQKNPSLKYSSSFNPIIHLDAAFYRHHILDIFRIPQKITSLSVSKSYFAMSNSPEYSFSQDVHHDPVKTSLSNVTPLILSKLSIVQQIKLKSNVISHTINMHAGPLTFETESESIPYATTVKGYTGTFFISHIKIPIRDEKIDVHITPNRKSLLSHEYDNLDHDKYYNKVKFHGVSFGSIMAPNKKPDVYQNDFPSQPTARLDSTHNGELTKHINEAPYMNVKAFTEPDQTAAFNNFKNKNLFSSTILNKMWSVISTNSKSSTKKNCTEDLCKLFLAKYANSHPKYFTEHSGINTTVPKPSNFSAYYSSISSEYNNFTSSLTSRGLTSINDIKVQTSNMELSNSLLYNLGSLRTIQEPHFEPGQDLLSVTLCVTRNVKNCKNSLIHKLKNDDKMLEPSEIMQDDTNSLLQKSMEADFVSLAVKNSITEKIAKNLNTLEVVKTEVIDAQKYIDLKNIIVNTSKTNVMKPVFISVQKVLISQDSSYVSILNGSEYVVDPYNVKDYSIPSGSGDNFEMENIQSFSRHTDFRNKSSSSLISNSKPDQIINASSDLRNMPFRADLIDSMSQRIDLIKQKSKTACDPKCRLNKNEICVTYGNSTESIGICECRPSFGRMFPDRPCKPTYTYEMRIQTYWTENHLLKFSNNIKSNSLIEYRHISKILLEAADRMVMQSDYRDIFHGVQLQSVFAKTNDTLMVTYLLQLSENSNEDQLTTVFQKYLRQSNFSIGGTRLYTSREGLQFLTIKDFDECRNEHFYDCSPNAQCFNLIGSYTCSCKKGYVDKSENSLYPGRHCLNNIIGCDKCNYNGKCVNVSAEKSHKEIAICKCYAWYAGTKCQVNLKVIILFILTSGAILSLVLFLFLLIITKRKKQVDWKTSQLFIASSSLSPSLTTSTKSVREMENVGELCKVMTLISKKEYNEVNNHFISPETHKKTIVIENYTNAIASTKVQDLNIKGAFTQNDILYGSTDRGSQHEDQINRSLTLRIPRAKFRFPDISQNSCLCHKGKRSSLNITGKILVQKDDDYMAAYRSFGPSCEKDLKYLTLSDNLFYRGNTVAKADLVPVGYGVSSLITDQIESPTSSALNEDSNTMTERDLGSTFLLPHTHLYKTDKISYDFSR",1945,0.0386,FALSE,0,NA,NA,NA,NA,NA,NA,NA,NA,Inf
"FBpp0310590","FBgn0266377",NA,"Pde8",NA,"signal transduction","GO:0007165","3',5'-cyclic-nucleotide phosphodiesterase activity; phosphoric diester hydrolase activity","GO:0004114; GO:0008081",NA,NA,"MGCSPSTLPPAPSAGQTGERGSLPLDASEKDESRLFCIKLRRSRLRRCSCGGVTLQPPSDGNGSTAGDNLCGQVLLNPLQTKSEADYEKLSTGKKDSIVTVAALGNFTHSVVRRATGSTGTSGTSSSGGNSRPGHRKSSLALALTPEDEPMDVYQRNLMDLKYPTVLPPNPPLKALLVFHKSDSICEAITAACQRHQLDVTLVKSKEEALDTLQKSYATAQCYHLIIIDARSSKNLDAEHIARTIRHTHGHHLTTIIAVCKKSFFEKDDVLIALLDAGVNRCVAETTNLAMCSVELKQILHSIIRPHNVMSTQQALYTALHRLKEVVLITDDLLRIQYANRATERLLNMRLDEIISKQLEDIFVSDLSTISEQCKNIKEFDGILTVRRKSQEGIPMHVRVVPVACIGSAPTHLIFNFDVPGGQMDFIATLPQPKEAPRGSLHSVRRCSFDVRSIASDGLRRTSLAKLTSLPLEAPITKENCSADEARLIDKVLEFLKREGLYSPQMKEIRTDDPIATDLIGALLTGPSVYSSRRSSNDSIIRTGSSTRTAAIVPAKMKSNPIIMELLDESLSWDFDIFKLEEITDYHPLLYLGMEMFRRFDVFATLNIDENVCKAWLAVIEAHYRKSNTYHNSTHAADVMQATGAFITQLTNKDMLVMDRMEEATALIAAAAHDVDHPGRSSAFLCNSNDALAVLYNDLTVLENHHAAITFKLTLGDDKINIFKNLDKETYKSARSTIIDMILATEMTRHFEHLAKFVSVFGGEEPRDHNPQTDEETSILMRRMLIKVADVSNPARPMQFCIEWARRIAEEYFMQTDEEKQRHLPIVMPMFDRATCSIPKSQIGFIEYIIQDMMHAWESFIDMPQLITYMQINYSQWKKYDEQGVNTLAEIMAKQPPVGKMANSK",905,0.0597,TRUE,1,"41:47","RRSRLRR",7,7,7,0.7143,0.7143,0.7143,Inf
"FBpp0310592","FBgn0266377",NA,"Pde8",NA,"metal ion binding; 3',5'-cyclic-AMP phosphodiesterase activity; 3',5'-cyclic-nucleotide phosphodiesterase activity; phosphoric diester hydrolase activity; hydrolase activity","GO:0046872; GO:0004115; GO:0004114; GO:0008081; GO:0016787","positive regulation of ERK1 and ERK2 cascade; negative regulation of hydrogen peroxide-induced cell death; cAMP metabolic process; signal transduction; mesoderm development; cAMP catabolic process","GO:0070374; GO:1903206; GO:0046058; GO:0007165; GO:0007498; GO:0006198",NA,NA,"MGCSPSTLPPAPSAGQTGERGSLPLDASEKDESRLFCIKLRRSRLRRCSCGGVTLQPPSDGNGSTAGDNLCGQVLLNPLQTKSEADYEKLSTGKKDSIVTVAALGNFTHSVVRRATGSTGTSGTSSSGGNSRPGHRKSSLALALTPEDEPMDVYQRNLMDLKYPTVLPPNPPLKALLVFHKSDSICEAITAACQRHQLDVTLVKSKEEALDTLQKSYATAQCYHLIIIDARSSKNLDAEHIARTIRHTHGHHLTTIIAVCKKSFFEKDDVLIALLDAGVNRCVAETTNLAMCSVELKQILHSIIRPHNVMSTQQALYTALHRLKEVVLITDDLLRIQYANRATERLLNMRLDEIISKQLEDIFVSDLSTISEQCKNIKEFDGILTVRRKSQEGIPMHVRVVPVACIGSAPTHLIFNFDVPGGQMDFIATLPQPKEAPRGSLHSVRRCSFDVRSIASDGLRRTSLAKLTSLPLEAPITKIINLLSQVQENCSADEARLIDKVLEFLKREGLYSPQMKEIRTDDPIATDLIGALLTGPSVYSSRRSSNDSIIRTGSSTRTAAIVPAKMKSNPIIMELLDESLSWDFDIFKLEEITDYHPLLYLGMEMFRRFDVFATLNIDENVCKAWLAVIEAHYRKSNTYHNSTHAADVMQATGAFITQLTNKDMLVMDRMEEATALIAAAAHDVDHPGRSSAFLCNSNDALAVLYNDLTVLENHHAAITFKLTLGDDKINIFKNLDKETYKSARSTIIDMILATEMTRHFEHLAKFVSVFGGEEPRDHNPQTDEETSILMRRMLIKVADVSNPARPMQFCIEWARRIAEEYFMQTDEEKQRHLPIVMPMFDRATCSIPKSQIGFIEYIIQDMMHAWESFIDMPQLITYMQINYSQWKKYDEQGVNTLAEIMAKQPPVGKMANSK",914,0.0591,TRUE,1,"41:47","RRSRLRR",7,7,7,0.7143,0.7143,0.7143,Inf
"FBpp0310593","FBgn0266377","E1JGU6","Pde8",NA,"metal ion binding; 3',5'-cyclic-nucleotide phosphodiesterase activity; phosphoric diester hydrolase activity; hydrolase activity","GO:0046872; GO:0004114; GO:0008081; GO:0016787","signal transduction","GO:0007165",NA,NA,"MGCSPSTLPPAPSAGQTGERGSLPLDASEKDESRLFCIKLRRSRLRRCSCGGVTLQPPSDGNGSTAGDNLCGQVLLNPLQTKSEADYEKLSTGKKDSIVTVAALGNFTHSVVRRATGSTGTSGTSSSGGNSRPGHRKSSLALALTPEDEPMDVYQRNLMDLKYPTVLPPNPPLKALLVFHKSDSICEAITAACQRHQLDVTLVKSKEEALDTLQKSYATAQCYHLIIIDARSSKNLDAEHIARTIRHTHGHHLTTIIAVCKKSFFEKDDVLIALLDAGVNRCVAETTNLAMCSVELKQILHSIIRPHNVMSTQQALYTALHRLKEVVLITDDLLRIQYANRATERLLNMRLDEIISKQLEDIFVSDLSTISEQCKNIKEFDGILTVRRKSQEGIPMHVRVVPVACIGSAPTHLIFNFDVPGGQMDFIATLPQPKEAPRGSLHSVRRCSFDVRSIASDGLRRTSLAKLTSLPLEAPITKIINLLSQVQENCSADEARLIDKVLEFLKREGLYSPQMKEIRTDDPIATDLIGALLTGPSVYSSRRSSNDSIIRTGSSTRTAAIVPAKMKSNPIIMELLDESLSWDFDIFKLEEITDYHPLLYLGMEMFRRFDVFATLNIDENVCKAWLAVIEAHYRKSNTYHNSTHAADVMQATGAFITQLTNKDMLVMDRMEEATALIAAAAHDVDHPGRSSAFLCNSNDALAVLYNDLTVLENHHAAITFKLTLGDDKINIFKNLDKETYKSARSTIIDMILATEMTRHFEHLAKFVSVFGGEEPRDHNPQTDEETSILMRRMLIKVADVSNPARPMQFCIEWARRIAEEYFMQTDEEKQRHLPIVMPMFDRATCSIPKSQIGFIEYIIQDMMHAWESFIDMPQLITYMQINYSQWKKYDEQGVNTLAEIMAKQPPVGKMANSK*HTAFRRLFSGLLKPLPAHAPGTSTIGENEMEDVL",949,0.059,TRUE,1,"41:47","RRSRLRR",7,7,7,0.7143,0.7143,0.7143,Inf
"FBpp0310594","FBgn0266377",NA,"Pde8",NA,"metal ion binding; 3',5'-cyclic-AMP phosphodiesterase activity; 3',5'-cyclic-nucleotide phosphodiesterase activity; phosphoric diester hydrolase activity; hydrolase activity","GO:0046872; GO:0004115; GO:0004114; GO:0008081; GO:0016787","positive regulation of ERK1 and ERK2 cascade; negative regulation of hydrogen peroxide-induced cell death; cAMP metabolic process; signal transduction; mesoderm development; cAMP catabolic process","GO:0070374; GO:1903206; GO:0046058; GO:0007165; GO:0007498; GO:0006198",NA,NA,"MGCSPSTLPPAPSAGQTGERGSLPLDASEKDESRLFCIKLRRSRLRRCSCGGVTLQPPSDGNGSTAGDNLCGQVLLNPLQTKSEADYEKLSTGKKDSIVTVAALGNFTHSVVRRATGSTGTSGTSSSGGNSRPGHRKSSLALALTPEDEPMDVYQRNLMDLKYPTVLPPNPPLKALLVFHKSDSICEAITAACQRHQLDVTLVKSKEEALDTLQKSYATAQCYHLIIIDARSSKNLDAEHIARTIRHTHGHHLTTIIAVCKKSFFEKDDVLIALLDAGVNRCVAETTNLAMCSVELKQILHSIIRPHNVMSTQQALYTALHRLKEVVLITDDLLRIQYANRATERLLNMRLDEIISKQLEDIFVSDLSTISEQCKNIKEFDGILTVRRKSQEGIPMHVRVVPVACIGSAPTHLIFNFDVPGGQMDFIATLPQPKEAPRGSLHSVRRCSFDVRSIASDGLRRTSLAKLTSLPLEAPITKIINLLSQVQENCSADEARLIDKVLEFLKREGLYSPQMKEIRTDDPIATDLIGALLTGPSVYSSRRSSNDSIIRTGSSTRTAAIVPAKMKSNPIIMELLDESLSWDFDIFKLEEITDYHPLLYLGMEMFRRFDVFATLNIDENVCKAWLAVIEAHYRKSNTYHNSTHAADVMQATGAFITQLTNKDMLVMDRMEEATALIAAAAHDVDHPGRSSAFLCNSNDALAVLYNDLTVLENHHAAITFKLTLGDDKINIFKNLDKETYKSARSTIIDMILATEMTRHFEHLAKFVSVFGGEEPRDHNPQTDEETSILMRRMLIKVADVSNPARPMQFCIEWARRIAEEYFMQTDEEKQRHLPIVMPMFDRATCSIPKSQIGFIEYIIQDMMHAWESFIDMPQLITYMQINYSQWKKYDEQGVNTLAEIMAKQPPVGKMANSK",914,0.0591,TRUE,1,"41:47","RRSRLRR",7,7,7,0.7143,0.7143,0.7143,Inf
"FBpp0310595","FBgn0266377",NA,"Pde8",NA,"metal ion binding; 3',5'-cyclic-AMP phosphodiesterase activity; 3',5'-cyclic-nucleotide phosphodiesterase activity; phosphoric diester hydrolase activity; hydrolase activity","GO:0046872; GO:0004115; GO:0004114; GO:0008081; GO:0016787","positive regulation of ERK1 and ERK2 cascade; negative regulation of hydrogen peroxide-induced cell death; cAMP metabolic process; signal transduction; mesoderm development; cAMP catabolic process","GO:0070374; GO:1903206; GO:0046058; GO:0007165; GO:0007498; GO:0006198",NA,NA,"MGCSPSTLPPAPSAGQTGERGSLPLDASEKDESRLFCIKLRRSRLRRCSCGGVTLQPPSDGNGSTAGDNLCGQVLLNPLQTKSEADYEKLSTGKKDSIVTVAALGNFTHSVVRRATGSTGTSGTSSSGGNSRPGHRKSSLALALTPEDEPMDVYQRNLMDLKYPTVLPPNPPLKALLVFHKSDSICEAITAACQRHQLDVTLVKSKEEALDTLQKSYATAQCYHLIIIDARSSKNLDAEHIARTIRHTHGHHLTTIIAVCKKSFFEKDDVLIALLDAGVNRCVAETTNLAMCSVELKQILHSIIRPHNVMSTQQALYTALHRLKEVVLITDDLLRIQYANRATERLLNMRLDEIISKQLEDIFVSDLSTISEQCKNIKEFDGILTVRRKSQEGIPMHVRVVPVACIGSAPTHLIFNFDVPGGQMDFIATLPQPKEAPRGSLHSVRRCSFDVRSIASDGLRRTSLAKLTSLPLEAPITKIINLLSQVQENCSADEARLIDKVLEFLKREGLYSPQMKEIRTDDPIATDLIGALLTGPSVYSSRRSSNDSIIRTGSSTRTAAIVPAKMKSNPIIMELLDESLSWDFDIFKLEEITDYHPLLYLGMEMFRRFDVFATLNIDENVCKAWLAVIEAHYRKSNTYHNSTHAADVMQATGAFITQLTNKDMLVMDRMEEATALIAAAAHDVDHPGRSSAFLCNSNDALAVLYNDLTVLENHHAAITFKLTLGDDKINIFKNLDKETYKSARSTIIDMILATEMTRHFEHLAKFVSVFGGEEPRDHNPQTDEETSILMRRMLIKVADVSNPARPMQFCIEWARRIAEEYFMQTDEEKQRHLPIVMPMFDRATCSIPKSQIGFIEYIIQDMMHAWESFIDMPQLITYMQINYSQWKKYDEQGVNTLAEIMAKQPPVGKMANSK",914,0.0591,TRUE,1,"41:47","RRSRLRR",7,7,7,0.7143,0.7143,0.7143,Inf
"FBpp0310588","FBgn0266377",NA,"Pde8",NA,"signal transduction","GO:0007165","3',5'-cyclic-nucleotide phosphodiesterase activity; phosphoric diester hydrolase activity","GO:0004114; GO:0008081",NA,NA,"MKEIRTDDPIATDLIGALLTGPSVYSSRRSSNDSIIRTGSSTRTAAIVPAKMKSNPIIMELLDESLSWDFDIFKLEEITDYHPLLYLGMEMFRRFDVFATLNIDENVCKAWLAVIEAHYRKSNTYHNSTHAADVMQATGAFITQLTNKDMLVMDRMEEATALIAAAAHDVDHPGRSSAFLCNSNDALAVLYNDLTVLENHHAAITFKLTLGDDKINIFKNLDKETYKSARSTIIDMILATEMTRHFEHLAKFVSVFGGEEPRDHNPQTDEETSILMRRMLIKVADVSNPARPMQFCIEWARRIAEEYFMQTDEEKQRHLPIVMPMFDRATCSIPKSQIGFIEYIIQDMMHAWESFIDMPQLITYMQINYSQWKKYDEQGVNTLAEIMAKQPPVGKMANSK",400,0.05,FALSE,0,NA,NA,NA,NA,NA,NA,NA,NA,Inf
"FBpp0310589","FBgn0266377","Q8MLR1","Pde8",NA,"metal ion binding; 3',5'-cyclic-nucleotide phosphodiesterase activity; phosphoric diester hydrolase activity; hydrolase activity","GO:0046872; GO:0004114; GO:0008081; GO:0016787","signal transduction","GO:0007165",NA,NA,"MIRSASQGSTGTSGTSSSGGNSRPGHRKSSLALALTPEDEPMDVYQRNLMDLKYPTVLPPNPPLKALLVFHKSDSICEAITAACQRHQLDVTLVKSKEEALDTLQKSYATAQCYHLIIIDARSSKNLDAEHIARTIRHTHGHHLTTIIAVCKKSFFEKDDVLIALLDAGVNRCVAETTNLAMCSVELKQILHSIIRPHNVMSTQQALYTALHRLKEVVLITDDLLRIQYANRATERLLNMRLDEIISKQLEDIFVSDLSTISEQCKNIKEFDGILTVRRKSQEGIPMHVRVVPVACIGSAPTHLIFNFDVPGGQMDFIATLPQPKEAPRGSLHSVRRCSFDVRSIASDGLRRTSLAKLTSLPLEAPITKIINLLSQVQENCSADEARLIDKVLEFLKREGLYSPQMKEIRTDDPIATDLIGALLTGPSVYSSRRSSNDSIIRTGSSTRTAAIVPAKMKSNPIIMELLDESLSWDFDIFKLEEITDYHPLLYLGMEMFRRFDVFATLNIDENVCKAWLAVIEAHYRKSNTYHNSTHAADVMQATGAFITQLTNKDMLVMDRMEEATALIAAAAHDVDHPGRSSAFLCNSNDALAVLYNDLTVLENHHAAITFKLTLGDDKINIFKNLDKETYKSARSTIIDMILATEMTRHFEHLAKFVSVFGGEEPRDHNPQTDEETSILMRRMLIKVADVSNPARPMQFCIEWARRIAEEYFMQTDEEKQRHLPIVMPMFDRATCSIPKSQIGFIEYIIQDMMHAWESFIDMPQLITYMQINYSQWKKYDEQGVNTLAEIMAKQPPVGKMANSK",805,0.0571,FALSE,0,NA,NA,NA,NA,NA,NA,NA,NA,Inf
"FBpp0310591","FBgn0266377",NA,"Pde8",NA,"signal transduction","GO:0007165","3',5'-cyclic-nucleotide phosphodiesterase activity; phosphoric diester hydrolase activity","GO:0004114; GO:0008081",NA,NA,"MIISSQPNLAGSATTTTTTTISSAHVSQEGTMPLPLPIPVTMPLPNAGTCNCGAVGVGVGVGMGMALGARQCPSPAVDPTTATATPTSTTPGRDSLTRPASESELNVGTGTSGTSSSGGNSRPGHRKSSLALALTPEDEPMDVYQRNLMDLKYPTVLPPNPPLKALLVFHKSDSICEAITAACQRHQLDVTLVKSKEEALDTLQKSYATAQCYHLIIIDARSSKNLDAEHIARTIRHTHGHHLTTIIAVCKKSFFEKDDVLIALLDAGVNRCVAETTNLAMCSVELKQILHSIIRPHNVMSTQQALYTALHRLKEVVLITDDLLRIQYANRATERLLNMRLDEIISKQLEDIFVSDLSTISEQCKNIKEFDGILTVRRKSQEGIPMHVRVVPVACIGSAPTHLIFNFDVPGGQMDFIATLPQPKEAPRGSLHSVRRCSFDVRSIASDGLRRTSLAKLTSLPLEAPITKIINLLSQVQENCSADEARLIDKVLEFLKREGLYSPQMKEIRTDDPIATDLIGALLTGPSVYSSRRSSNDSIIRTGSSTRTAAIVPAKMKSNPIIMELLDESLSWDFDIFKLEEITDYHPLLYLGMEMFRRFDVFATLNIDENVCKAWLAVIEAHYRKSNTYHNSTHAADVMQATGAFITQLTNKDMLVMDRMEEATALIAAAAHDVDHPGRSSAFLCNSNDALAVLYNDLTVLENHHAAITFKLTLGDDKINIFKNLDKETYKSARSTIIDMILATEMTRHFEHLAKFVSVFGGEEPRDHNPQTDEETSILMRRMLIKVADVSNPARPMQFCIEWARRIAEEYFMQTDEEKQRHLPIVMPMFDRATCSIPKSQIGFIEYIIQDMMHAWESFIDMPQLITYMQINYSQWKKYDEQGVNTLAEIMAKQPPVGKMANSK",904,0.0531,FALSE,0,NA,NA,NA,NA,NA,NA,NA,NA,Inf
"FBpp0310596","FBgn0266377",NA,"Pde8",NA,"signal transduction","GO:0007165","3',5'-cyclic-nucleotide phosphodiesterase activity; phosphoric diester hydrolase activity","GO:0004114; GO:0008081",NA,NA,"MRNCLPKFSKVFRRKSSAKSSSSSAGRENPSSEPDSDTEPYAIAIAAISDRSGDNRNERPRPLPDDDSIRSRLISAAHLDLDVGLELASDSTAVPANGGIRPKSEGACPEMKVETISAATSPPPPRPLHGTSGPVAISLPFVGRNSSKTPEEMELEYEANVEAESRDIMTPLRRNTRPLSVSFGGGGGRSALQPEIVEAIRSLDVPALRLNNLSFDGSTDPKGERNHAEEEPLTPGHDHEDSVVLRRKVNCLERKAHSLYERRLPRVPKLHLLVAGKKNPPTEEEEFRTFQRNLMDLKYPTVLPPNPPLKALLVFHKSDSICEAITAACQRHQLDVTLVKSKEEALDTLQKSYATAQCYHLIIIDARSSKNLDAEHIARTIRHTHGHHLTTIIAVCKKSFFEKDDVLIALLDAGVNRCVAETTNLAMCSVELKQILHSIIRPHNVMSTQQALYTALHRLKEVVLITDDLLRIQYANRATERLLNMRLDEIISKQLEDIFVSDLSTISEQCKNIKEFDGILTVRRKSQEGIPMHVRVVPVACIGSAPTHLIFNFDVPGGQMDFIATLPQPKEAPRGSLHSVRRCSFDVRSIASDGLRRTSLAKLTSLPLEAPITKIINLLSQVQENCSADEARLIDKVLEFLKREGLYSPQMKEIRTDDPIATDLIGALLTGPSVYSSRRSSNDSIIRTGSSTRTAAIVPAKMKSNPIIMELLDESLSWDFDIFKLEEITDYHPLLYLGMEMFRRFDVFATLNIDENVCKAWLAVIEAHYRKSNTYHNSTHAADVMQATGAFITQLTNKDMLVMDRMEEATALIAAAAHDVDHPGRSSAFLCNSNDALAVLYNDLTVLENHHAAITFKLTLGDDKINIFKNLDKETYKSARSTIIDMILATEMTRHFEHLAKFVSVFGGEEPRDHNPQTDEETSILMRRMLIKVADVSNPARPMQFCIEWARRIAEEYFMQTDEEKQRHLPIVMPMFDRATCSIPKSQIGFIEYIIQDMMHAWESFIDMPQLITYMQINYSQWKKYDEQGVNTLAEIMAKQPPVGKMANSK",1050,0.0676,FALSE,0,NA,NA,NA,NA,NA,NA,NA,NA,Inf
