"","ensembl_peptide_id","ensembl_gene_id","external_gene_name","go_list_MF","go_ids_MF","go_list_CC","go_ids_CC","go_list_BP","go_ids_BP","peptide_seq","peptide_length","AAComp","HMMhasPolyAA","NumberPolyAA","IndiciesPolyAA","TranslationsPolyAA","LengthsPolyAA","AvgLengthsPolyAA","MaxLengthsPolyAA","PolyAARegionAAFractions","AvgPolyAARegionAAFractions","MaxPolyAARegionAAFractions","annotatedSequence","PeptideLength","pvalues"
"1","FBpp0306621","FBgn0003118","pnt","DNA binding; DNA-binding transcription factor activity; sequence-specific DNA binding","GO:0003677; GO:0003700; GO:0043565","nucleus","GO:0005634","regulation of transcription, DNA-templated","GO:0006355","MPPSAFLVNASIISAANALDSDKEQQLQEHLNQSHFTSSSSSSNSSNNNNCHTAPNYNMVLQSYENYPSYHLAQHHHHHHHHHSHPHHQLAQQTGLHSHHTMQQQLQQQQQSLLLQHPQQQQQQHSHQSQQQQQHGYGSSAQLPHHRLSGGSTGSTTTTSSGSSSSGSSSSASSQGFANGSATANNLVGALSSSTAASLGLGYFNDMAPFVGDANAYYTDSDVNFFSSGTGYNTSNTHDRINNSTPPQQQQSQQPTVNGSGSASSNNNNSMLPPAVQQSNNENNNTSSSNTNNSSNNNNNSGGSNNSNAGSNNNNNNNNNINFMAAAAIFQHHLKEEPGTQNGNIGGYGGGSNSQNDPTDLSSYGLPAHLAAYGGGSGSGPTGGRSSGGGGDESDYHSTISAQDHQSQQSSGGNGSGGASGGSTGNSNGYLDSSSEFYGSYAGRNRFHDGYPPEFTPYDAQSFQSMGPQPTAMDQWGAAHAHQHPAAYMSTLGLDKGLLGGYTTQGGVPCFTGSGPIQLWQFLLELLLDKTCQSFISWTGDGWEFKLTDPDEVARRWGIRKNKPKMNYEKLSRGLRYYYDKNIIHKTAGKRYVYRFVCDLQNLVGHTPEELVAKYDLKIEKKDVD",625,0.0592,TRUE,1,"75:88","HHHHHHHHHSHPHH","14",14,14,"0.8571",0.8571,0.8571,Inf,625,0
"2","FBpp0086476","FBgn0023441","fus","nucleic acid binding; RNA binding; mRNA binding","GO:0003676; GO:0003723; GO:0003729","nucleus","GO:0005634","mRNA processing; RNA splicing; regulation of RNA splicing","GO:0006397; GO:0008380; GO:0043484","MQVPEHVVSLYIATCGQNGSGLGSDEKEIILLVFVLLEVSTGQIVGTKQILVRPDGYFIKDRTISSSSDNSSVTNNTASSPPLAIGDANNGSGSTSGNGNSLENGSELILPIAEAQAAGKPLSEAIEEFDAYLRSLSLHDTEIKLVTDGQLPLRQCLHREASAKDVELPAYYNRFSDLRKEFLRYKSGDLARALVPVKDVKKMLQAPTLPMPQSIAEMLGELNISSVEDNDFYIRESRDMVTVIQTLLQAGHKFAANELVNLVLEPGICSIDDEVDGNCIVRARGLPWQSSDQDIAKFFRGLNVAKGGVALCLSPLGRRNGEALIRFVCQEHRDMALKRHKHHIGTRYIEVYRASGEDFLAIAGGASNEAQAFLSKGAQVIIRMRGLPYDATAKQVLDFFTTGDTPPCHVLDGNEGVLFVKKPDGRATGDAFVLFANETDAPKALGRHRESIGQRYIELFRSTTAEVQQVLNRSMDPKNYESGGGHSQPPLIAQLPTMQLPLLPQVGAHSLSHSLGASPANLCPPVPPPALPLPTQHLITSGTTKNCIRLRGLPYEAMVEHILHFLDDFAKHIIYQGVHMVINAQGQPSGEAFIQMDLEESARLCAQRRHNHYMMFGKKYRYIEVFQCSGDDMNMVLNGGLASPVAQPPPPHLGHAHKQQSLLAATTGMFSSAGQSPTTVAAGTAQSPLGGTHTHTHPHSHAHAHATGHAHAAAAAAHHGLSASSAMLPGLSAAASASGLASFMSAGQQSAAAAAHSAASLQNAAVALAPQGYALNPFSLPPPGSAAAAAASTPALLAQQQAQFIAQQSLLVRQQAAAAALAAEQQQQQQQQQQLYASAMLQQHPLYLQQQQQQQQLYASAMLQQGQPQFVLMQRPSAAYLPPFPLSYMSAAGAASGVGVAPGAAVAGAAAAASPSASNSSLSQSMKRSYENAFQQEAAGAAAAASAAKRALTRQPSSVYSYYNSGI",967,0.0372,FALSE,0,NA,NA,NA,NA,NA,NA,NA,NA,Inf,967,0
"3","FBpp0086477","FBgn0023441","fus","nucleic acid binding; RNA binding; mRNA binding","GO:0003676; GO:0003723; GO:0003729","nucleus","GO:0005634","mRNA processing; RNA splicing; regulation of RNA splicing","GO:0006397; GO:0008380; GO:0043484","MQVPEHVVSLYIATCGQNGSGLGSDEKEIILLVFVLLEVSTGQIVGTKQILVRPDGYFIKDRTISSSSDNSSVTNNTASSPPLAIGDANNGSGSTSGNGNSLENGSELILPIAEAQAAGKPLSEAIEEFDAYLRSLSLHDTEIKLVTDGQLPLRQCLHREASAKDVELPAYYNRFSDLRKEFLRYKSGDLARALVPVKDVKKMLQAPTLPMPQSIAEMLGELNISSVEDNDFYIRESRDMVTVIQTLLQAGHKFAANELVNLVLEPGICSIDDEVDGNCIVRARGLPWQSSDQDIAKFFRGLNVAKGGVALCLSPLGRRNGEALIRFVCQEHRDMALKRHKHHIGTRYIEVYRASGEDFLAIAGGASNEAQAFLSKGAQVIIRMRGLPYDATAKQVLDFFTTGDTPPCHVLDGNEGVLFVKKPDGRATGDAFVLFANETDAPKALGRHRESIGQRYIELFRSTTAEVQQVLNRSMDPKNYESGGGHSQPPLIAQLPTMQLPLLPQVGAHSLSHSLGASPANLCPPVPPPALPLPTQHLITSGTTKNCIRLRGLPYEAMVEHILHFLDDFAKHIIYQGVHMVINAQGQPSGEAFIQMDLEESARLCAQRRHNHYMMFGKKYRYIEVFQCSGDDMNMVLNGGLASPVAQPPPPHLGHAHKQQSLLAATTGMFSSAGQSPTTVAAGTAQSPLGGTHTHTHPHSHAHAHATGHAHAAAAAAHHGLSASSAMLPGLSAAASASGLASFMSAGQQSAAAAAHSAASLQNAAVALAPQGYALNPFSLPPPGSAAAAAASTPALLAQQQAQFIAQQSLLVRQQAAAAALAAEQQQQQQQQQQLYASAMLQQHPLYLQQQQQQQQLYASAMLQQGQPQFVLMQRPSAAYLPPFPLSYMSAAGAASGVGVAPGAAVAGAAAAASPSASNSSLSQSMKRSYENAFQQEAAGAAAAASAAKRALTRQPSSVYSYYNSGI",967,0.0372,FALSE,0,NA,NA,NA,NA,NA,NA,NA,NA,Inf,967,0
"4","FBpp0086479","FBgn0023441","fus","nucleic acid binding; RNA binding; mRNA binding","GO:0003676; GO:0003723; GO:0003729","nucleus","GO:0005634","mRNA processing; RNA splicing; regulation of RNA splicing","GO:0006397; GO:0008380; GO:0043484","MQVPEHVVSLYIATCGQNGSGLGSDEKEIILLVFVLLEVSTGQIVGTKQILVRPDGYFIKDRTISSSSDNSSVTNNTASSPPLAIGDANNGSGSTSGNGNSLENGSELILPIAEAQAAGKPLSEAIEEFDAYLRSLSLHDTEIKLVTDGQLPLRQCLHREASAKDVELPAYYNRFSDLRKEFLRYKSGDLARALVPVKDVKKMLQAPTLPMPQSIAEMLGELNISSVEDNDFYIRESRDMVTVIQTLLQAGHKFAANELVNLVLEPGICSIDDEVDGNCIVRARGLPWQSSDQDIAKFFRGLNVAKGGVALCLSPLGRRNGEALIRFVCQEHRDMALKRHKHHIGTRYIEVYRASGEDFLAIAGGASNEAQAFLSKGAQVIIRMRGLPYDATAKQVLDFFTTGDTPPCHVLDGNEGVLFVKKPDGRATGDAFVLFANETDAPKALGRHRESIGQRYIELFRSTTAEVQQVLNRSMDPKNYESGGGHSQPPLIAQLPTMQLPLLPQVGAHSLSHSLGASPANLCPPVPPPALPLPTQHLITSGTTKNCIRLRGLPYEAMVEHILHFLDDFAKHIIYQGVHMVINAQGQPSGEAFIQMDLEESARLCAQRRHNHYMMFGKKYRYIEVFQCSGDDMNMVLNGGLASPVAQPPPPHLGHAHKQQSLLAATTGMFSSAGQSPTTVAAGTAQSPLGGTHTHTHPHSHAHAHATGHAHAAAAAAHHGLSASSAMLPGLSAAASASGLASFMSAGQQSAAAAAHSAASLQNAAVALAPQGYALNPFSLPPPGSAAAAAASTPALLAQQQAQFIAQQSLLVRQQAAAAALAAEQQQQQQQQQQLYASAMLQQHPLYLQQQQQQQQLYASAMLQQGQPQFVLMQRPSAAYLPPFPLSYMSAAGAASGVGVAPGAAVAGAAAAASPSASNSSLSQSMKRSYENAFQQEAAGAAAAASAAKRALTRQPSSVYSYYNSGI",967,0.0372,FALSE,0,NA,NA,NA,NA,NA,NA,NA,NA,Inf,967,0
"5","FBpp0086480","FBgn0023441","fus","nucleic acid binding; RNA binding; mRNA binding","GO:0003676; GO:0003723; GO:0003729","nucleus","GO:0005634","mRNA processing; RNA splicing; regulation of RNA splicing","GO:0006397; GO:0008380; GO:0043484","MALKRHKHHIGTRYIEVYRASGEDFLAIAGGASNEAQAFLSKGAQVIIRMRGLPYDATAKQVLDFFTTGDTPPCHVLDGNEGVLFVKKPDGRATGDAFVLFANETDAPKALGRHRESIGQRYIELFRSTTAEVQQVLNRSMDPKNYESGGGHSQPPLIAQLPTMQLPLLPQVGAHSLSHSLGASPANLCPPVPPPALPLPTQHLITSGTTKNCIRLRGLPYEAMVEHILHFLDDFAKHIIYQGVHMVINAQGQPSGEAFIQMDLEESARLCAQRRHNHYMMFGKKYRYIEVFQCSGDDMNMVLNGGLASPVAQPPPPHLGHAHKQQSLLAATTGMFSSAGQSPTTVAAGTAQSPLGGTHTHTHPHSHAHAHATGHAHAAAAAAHHGLSASSAMLPGLSAAASASGLASFMSAGQQSAAAAAHSAASLQNAAVALAPQGYALNPFSLPPPGSAAAAAASTPALLAQQQAQFIAQQSLLVRQQAAAAALAAEQQQQQQQQQQLYASAMLQQHPLYLQQQQQQQQLYASAMLQQGQPQFVLMQRPSAAYLPPFPLSYMSAAGAASGVGVAPGAAVAGAAAAASPSASNSSLSQSMKRSYENAFQQEAAGAAAAASAAKRALTRQPSSVYSYYNSGI",633,0.049,FALSE,0,NA,NA,NA,NA,NA,NA,NA,NA,Inf,633,0
"6","FBpp0309490","FBgn0024184","unc-4","DNA binding; sequence-specific DNA binding","GO:0003677; GO:0043565","nucleus","GO:0005634","regulation of transcription, DNA-templated; multicellular organism development; nervous system development; cell differentiation","GO:0006355; GO:0007275; GO:0007399; GO:0030154","MVLETSEGDTKKFLTNNNNSSASRNNNSHNNNNNNHSPKEIPEETGRSSSTSSNSIPNAHRTNAGQHLLGGSPSSACSTSVSGCGMPSEGLHPTAALQLYAAAAQLAPNGVRVPPWGPFLQFGVPGVFGPNGPFLGRPRFDAASAGGHPNSAAAAAAATQMAAVNASNAFANLTGLSAAALRNVSAAQTTAVAAVASTVATIQHRLMIGNRQSLPPAGPPSEGSNEDGGFPGDGDDDSSAAKRRRSRTNFNSWQLEELERAFSASHYPDIFMREALAMRLDLKESRVAVWFQNRRAKVRKREHTKKGPGRPAHNAQPQTCSGEPIPPNELKAKERARRRKKLAKAIDRQARKLQAKGITVDLEALKAEYISQHKANGTFSDSDLEDDGIQIDVVGGTDSDDEGDSDAVSPVRLGGGGGGGGGTGGGGGGGASSSLHCGLDGDGDSSRAGSFIGGGGSLGSPSSVAPPSMLSNGAVQFGKLEPMDGNESEERDRERDSPKPLLFPAKAFHQLNLQSSQQHHGLVVGQGQGSGSGHGHGHQHNHHQHHLHHGSASASAAAAVANLVHQTSPISMRRSNPFSIESLLFNNT",588,0.0442,TRUE,1,"542:549","HHQHHLHH","8",8,8,"0.75",0.75,0.75,Inf,588,2.26953302817634e-08
"7","FBpp0309491","FBgn0024184","unc-4","DNA binding; sequence-specific DNA binding","GO:0003677; GO:0043565","nucleus","GO:0005634","regulation of transcription, DNA-templated; multicellular organism development; nervous system development; cell differentiation","GO:0006355; GO:0007275; GO:0007399; GO:0030154","MVLETSEGDTKKFLTNNNNSSASRNNNSHNNNNNNHSPKEIPEETGRSSSTSSNSIPNAHRTNAGQHLLGGSPSSACSTSVSGCGMPSEGLHPTAALQLYAAAAQLAPNGVRVPPWGPFLQFGVPGVFGPNGPFLGRPRFDAASAGGHPNSAAAAAAATQMAAVNASNAFANLTGLSAAALRNVSAAQTTAVAAVASTVATIQHRLMIGNRQSLPPAGPPSEGSNEDGGFPGDGDDDSSAAKRRRSRTNFNSWQLEELERAFSASHYPDIFMREALAMRLDLKESRVAVWFQNRRAKVRKREHTKKGPGRPAHNAQPQTCSGEPIPPNELKAKERARRRKKLAKAIDRQARKLQAKGITVDLEALKAEYISQHKANGTFSDSDLEDDGIQIDVVGGTDSDDEGDSDAVSPVRLGGGGGGGGGTGGGGGGGASSSLHCGLDGDGDSSRAGSFIGGGGSLGSPSSVAPPSMLSNGAVQFGKLEPMDGNESEERDRERDSPKPLLFPAKAFHQLNLQSSQQHHGLVVGQGQGSGSGHGHGHQHNHHQHHLHHGSASASAAAAVANLVHQTSPISMRRSNPFSIESLLFNNT",588,0.0442,TRUE,1,"542:549","HHQHHLHH","8",8,8,"0.75",0.75,0.75,Inf,588,2.26953302817634e-08
"8","FBpp0309492","FBgn0024184","unc-4","DNA binding","GO:0003677","nucleus","GO:0005634",NA,NA,"MVLETSEGDTKKFLTNNNNSSASRNNNSHNNNNNNHSPKEIPEETGRSSSTSSNSIPNAHRTNAGQHLLGGSPSSACSTSVSGCGMPSEGLHPTAALQLYAAAAQLAPNGVRVPPWGPFLQFGVPGVFGPNGPFLGRPRFDAASAGGHPNSAAAAAAATQMAAVNASNAFANLTGLSAAALRNVSAAQTTAVAAVASTVATIQHRLMIGNRQSLPPAGPPSEGSNEDGGFPGDGDDDSSAAKRRRSRTNFNSWQLEELERAFSASHYPDIFMREALAMRLDLKESRVAIGMVPESTCQGA",300,0.0267,FALSE,0,NA,NA,NA,NA,NA,NA,NA,NA,1.11111111111111e+299,300,0
"9","FBpp0112330","FBgn0052062","Rbfox1","nucleus; cytoplasm; nucleoplasm","GO:0005634; GO:0005737; GO:0005654","nucleic acid binding; RNA binding; mRNA binding; mRNA 3'-UTR binding; transcription factor binding; transcription regulatory region DNA binding","GO:0003676; GO:0003723; GO:0003729; GO:0003730; GO:0008134; GO:0044212","imaginal disc-derived wing vein specification; positive regulation of transcription, DNA-templated; negative regulation of translation; nervous system development; oogenesis; memory; germarium-derived oocyte differentiation","GO:0007474; GO:0045893; GO:0017148; GO:0007399; GO:0048477; GO:0007613; GO:0030706","MYYPHMVQAGVAPFPGAPAGYAAAPNPGAAVVAAAAAAQQQQQQQQQQQQQQQQAQQQQQQQVAGGPPSAADSLSMAVAAAAAKQSADPVTQMKSGSEAAGSGNSNNNNTAGAGTGAPGAAGGLTTEYSSGGCGGGGASTANSVVVATSVSDVVNASLYMQQKSTVLIANEAAESQQSSAMQNAGGGGNTGGGGGGGGGGTPSSPLSNSPSSATASQAGGCGLTLNGSATEGSMSGDTSPVASGEPLLQTPPAHQQQQQQQQPLLCSSPTSMQSSGTSVTGSSIASGTLAATSSSGVGLLPTTGLDSIANGGAPTGCAVVPASTSQVIAHLNAAAAAASGIVSPSANVATSLSSALVPAQSVAAVAAASLDAKSQPKRLHVSNIPFRFRDPDLRAMFGQFGTILDVEIIFNERGSKGFGFVTFANSNDAERARERLHGTVVEGRKIEVNNATARVQTKKVTAVPNVCVQWPEAAVAAAMRGVAIQRGHVGVVGATPYHHPHHPHHHPALLAASAAAAQQQQQRQLAAAAVATAAVAQQQQQQQQAVVQQQQQQVAAAAQQQHQQQQQQQQQAVQQQQAVQQQQQHQQQQQQQQQQQHAAVAAAAAAASHPHMHAAHAHAHAHALGPQLAQLQAVAVPTAASNAAALQQSLAAAIQNPSGNPNAAAAAAAYAARLSAATGATQSPQTAAAAAAAASMAASANAANNAAALHGFAPVYYDPFLAAAASADPNLRFQAAKPVTEVPAAQPAAILNRRTVTTLNSNPHTINRIPVPQNVLATAPLLKTPLSQAQQQAYATAATTYTAVAARAAYGAAAAAAAQPALAGYATVAGYAREYADPYLGHGIGPVPGYGATMYRGGFNRFTPY",865,0.0301,TRUE,1,"498:506","HHPHHPHHH","9",9,9,"0.7778",0.7778,0.7778,Inf,865,1.67381042359693e-09
"10","FBpp0112331","FBgn0052062","Rbfox1","nucleus; cytoplasm; nucleoplasm","GO:0005634; GO:0005737; GO:0005654","nucleic acid binding; RNA binding; mRNA binding; mRNA 3'-UTR binding; transcription factor binding; transcription regulatory region DNA binding","GO:0003676; GO:0003723; GO:0003729; GO:0003730; GO:0008134; GO:0044212","imaginal disc-derived wing vein specification; positive regulation of transcription, DNA-templated; negative regulation of translation; nervous system development; oogenesis; memory; germarium-derived oocyte differentiation","GO:0007474; GO:0045893; GO:0017148; GO:0007399; GO:0048477; GO:0007613; GO:0030706","MYYPHMVQAGVAPFPGAPAGYAAAPNPGAAVVAAAAAAQQQQQQQQQQQQQQQQAQQQQQQQVAGGPPSAADSLSMAVAAAAAKQSADPVTQMKSGSEAAGSGNSNNNNTAGAGTGAPGAAGGLTTEYSSGGCGGGGASTANSVVVATSVSDVVNASLYMQQKSTVLIANEAAESQQSSAMQNAGGGGNTGGGGGGGGGGTPSSPLSNSPSSATASQAGGCGLTLNGSATEGSMSGDTSPVASGEPLLQTPPAHQQQQQQQQPLLCSSPTSMQSSGTSVTGSSIASGTLAATSSSGVGLLPTTGLDSIANGGAPTGCAVVPASTSQVIAHLNAAAAAASGIVSPSANVATSLSSALVPAQSVAAVAAASLDAKSQPKRLHVSNIPFRFRDPDLRAMFGQFGTILDVEIIFNERGSKGFGFVTFANSNDAERARERLHGTVVEGRKIEVNNATARVQTKKVTAVPNVCVQWPEAAVAAAMRGVAIQRGHVGVVGATPYHHPHHPHHHPALLAASAAAAQQQQQRQLAAAAVATAAVAQQQQQQQQAVVQQQQQQVAAAAQQQHQQQQQQQQQAVQQQQAVQQQQQHQQQQQQQQQQQHAAVAAAAAAASHPHMHAAHAHAHAHALGPQLAQLQAVAVPTAASNAAALQQSLAAAIQNPSGNPNAAAAAAAYAARLSAATGATQSPQTAAAAAAAASMAASANAANNAAALHGFAPVYYDPFLAAAASADPNLRFQCRNLTPKPEEIRQSIEHFCKTLCKLNNFY",763,0.0328,TRUE,1,"498:506","HHPHHPHHH","9",9,9,"0.7778",0.7778,0.7778,Inf,763,1.47459378041503e-09
"11","FBpp0293630","FBgn0052062","Rbfox1","nucleus; cytoplasm; nucleoplasm","GO:0005634; GO:0005737; GO:0005654","nucleic acid binding; RNA binding; mRNA binding; mRNA 3'-UTR binding; transcription factor binding; transcription regulatory region DNA binding","GO:0003676; GO:0003723; GO:0003729; GO:0003730; GO:0008134; GO:0044212","imaginal disc-derived wing vein specification; positive regulation of transcription, DNA-templated; negative regulation of translation; nervous system development; oogenesis; memory; germarium-derived oocyte differentiation","GO:0007474; GO:0045893; GO:0017148; GO:0007399; GO:0048477; GO:0007613; GO:0030706","MSASAVEVTGNVPPVEFHMREHMVQAGVAPFPGAPAGYAAAPNPGAAVVAAAAAAQQQQQQQQQQQQQQQQAQQQQQQQVAGGPPSAADSLSMAVAAAAAKQSADPVTQMKSGSEAAGSGNSNNNNTAGAGTGAPGAAGGLTTEYSSGGCGGGGASTANSVVVATSVSDVVNASLYMQQKTNLSTQTQTQYEYEYEYNGTSLAEPRVPGPIPHPLTNGHAVDQVQQPPVQQQHLQSSLPPQNVLSISTVLIANEAAESQQSSAMQNAGGGGNTGGGGGGGGGGTPSSPLSNSPSSATASQAGGCGLTLNGSATEGSMSGDTSPVASGEPLLQTPPAHQQQQQQQQPLLCSSPTSMQSSGTSVTGSSIASGTLAATSSSGVGLLPTTGLDSIANGGAPTGCAVVPASTSQVIAHLNAAAAAASGIVSPSANVATSLSSALVPAQSVAAVAAASLDAKSQPKRLHVSNIPFRFRDPDLRAMFGQFGTILDVEIIFNERGSKGFGFVTFANSNDAERARERLHGTVVEGRKIEVNNATARVQTKKVTAVPNVVLTKDGAIPAPALVCVQWPEAAVAAAMRGVAIQRGHVGVVGATPYHHPHHPHHHPALLAASAAAAQQQQQRQLAAAAVATAAVAQQQQQQQQAVVQQQQQQVAAAAQQQHQQQQQQQQQAVQQQQAVQQQQQHQQQQQQQQQQQHAAVAAAAAAASHPHMHAAHAHAHAHALGPQLAQLQAVAVPTAASNAAALQQSLAAAIQNPSGNPNAAAAAAAYAARLSAATGATQSPQTAAAAAAAASMAASANAANNAAALHGFAPVYYDPFLAAAASADPNLRFQAAKPVTEVPAAQPAAILNRRTVTTLNSNPHTINRIPVPQNVLATAPLLKTPLSQAQQQAYATAATTYTAVAARAAYGAAAAAAAQPALAGYATVAGYAREYADPYLGHGIGPVPGYGATMYRGGFNRFTPY",962,0.0312,TRUE,1,"595:603","HHPHHPHHH","9",9,9,"0.7778",0.7778,0.7778,Inf,962,1.86326154505423e-09
"12","FBpp0293632","FBgn0052062","Rbfox1","nucleus; cytoplasm; nucleoplasm","GO:0005634; GO:0005737; GO:0005654","nucleic acid binding; RNA binding; mRNA binding; mRNA 3'-UTR binding; transcription factor binding; transcription regulatory region DNA binding","GO:0003676; GO:0003723; GO:0003729; GO:0003730; GO:0008134; GO:0044212","imaginal disc-derived wing vein specification; positive regulation of transcription, DNA-templated; negative regulation of translation; nervous system development; oogenesis; memory; germarium-derived oocyte differentiation","GO:0007474; GO:0045893; GO:0017148; GO:0007399; GO:0048477; GO:0007613; GO:0030706","MYYPHMVQAGVAPFPGAPAGYAAAPNPGAAVVAAAAAAQQQQQQQQQQQQQQQQAQQQQQQQVAGGPPSAADSLSMAVAAAAAKQSADPVTQMKSGSEAAGSGNSNNNNTAGAGTGAPGAAGGLTTEYSSGGCGGGGASTANSVVVATSVSDVVNASLYMQQKTNLSTQTQTQYEYEYEYNGTSLAEPRVPGPIPHPLTNGHAVDQVQQPPVQQQHLQSSLPPQNVLSISTVLIANEAAESQQSSAMQNAGGGGNTGGGGGGGGGGTPSSPLSNSPSSATASQAGGCGLTLNGSATEGSMSGDTSPVASGEPLLQTPPAHQQQQQQQQPLLCSSPTSMQSSGTSVTGSSIASGTLAATSSSGVGLLPTTGLDSIANGGAPTGCAVVPASTSQVIAHLNAAAAAASGIVSPSANVATSLSSALVPAQSVAAVAAASLDAKSQPKRLHVSNIPFRFRDPDLRAMFGQFGTILDVEIIFNERGSKGFGFVTFANSNDAERARERLHGTVVEGRKIEVNNATARVQTKKVTAVPNVCVQWPEAAVAAAMRGVAIQRGHVGVVGATPYHHPHHPHHHPALLAASAAAAQQQQQRQLAAAAVATAAVAQQQQQQQQAVVQQQQQQVAAAAQQQHQQQQQQQQQAVQQQQAVQQQQQHQQQQQQQQQQQHAAVAAAAAAASHPHMHAAHAHAHAHALGPQLAQLQAVAVPTAASNAAALQQSLAAAIQNPSGNPNAAAAAAAYAARLSAATGATQSPQTAAAAAAAASMAASANAANNAAALHGFAPVYYDPFLAAAASADPNLRFQATAPLLKTPLSQAQQQAYATAATTYTAVAARAAYGAAAAAAAQPALAGYATVAGYAREYADPYLGHGIGPVPGYGATMYRGGFNRFTPY",889,0.0315,TRUE,1,"564:572","HHPHHPHHH","9",9,9,"0.7778",0.7778,0.7778,Inf,889,1.72068492787503e-09
"13","FBpp0293633","FBgn0052062","Rbfox1","nucleus; cytoplasm; nucleoplasm","GO:0005634; GO:0005737; GO:0005654","nucleic acid binding; RNA binding; mRNA binding; mRNA 3'-UTR binding; transcription factor binding; transcription regulatory region DNA binding","GO:0003676; GO:0003723; GO:0003729; GO:0003730; GO:0008134; GO:0044212","imaginal disc-derived wing vein specification; positive regulation of transcription, DNA-templated; negative regulation of translation; nervous system development; oogenesis; memory; germarium-derived oocyte differentiation","GO:0007474; GO:0045893; GO:0017148; GO:0007399; GO:0048477; GO:0007613; GO:0030706","MYYPHMVQAGVAPFPGAPAGYAAAPNPGAAVVAAAAAAQQQQQQQQQQQQQQQQAQQQQQQQVAGGPPSAADSLSMAVAAAAAKQSADPVTQMKSGSEAAGSGNSNNNNTAGAGTGAPGAAGGLTTEYSSGGCGGGGASTANSVVVATSVSDVVNASLYMQQKTNLSTQTQTQYEYEYEYNGTSLAEPRVPGPIPHPLTNGHAVDQVQQPPVQQQHLQSSLPPQNVLSISTVLIANEAAESQQSSAMQNAGGGGNTGGGGGGGGGGTPSSPLSNSPSSATASQAGGCGLTLNGSATEGSMSGDTSPVASGEPLLQTPPAHQQQQQQQQPLLCSSPTSMQSSGTSVTGSSIASGTLAATSSSGVGLLPTTGLDSIANGGAPTGCAVVPASTSQVIAHLNAAAAAASGIVSPSANVATSLSSALVPAQSVAAVAAASLDAKSQPKRLHVSNIPFRFRDPDLRAMFGQFGTILDVEIIFNERGSKGFGFVTFANSNDAERARERLHGTVVEGRKIEVNNATARVQTKKVTAVPNVVLTKDGAIPAPALVCVQWPEAAVAAAMRGVAIQRGHVGVVGATPYHHPHHPHHHPALLAASAAAAQQQQQRQLAAAAVATAAVAQQQQQQQQAVVQQQQQQVAAAAQQQHQQQQQQQQQAVQQQQAVQQQQQHQQQQQQQQQQQHAAVAAAAAAASHPHMHAAHAHAHAHALGPQLAQLQAVAVPTAASNAAALQQSLAAAIQNPSGNPNAAAAAAAYAARLSAATGATQSPQTAAAAAAAASMAASANAANNAAALHGFAPVYYDPFLAAAASADPNLRFQAAKPVTEVPAAQPAAILNATAPLLKTPLSQAQQQAYATAATTYTAVAARAAYGAAAAAAAQPALAGYATVAGYAREYADPYLGHGIGPVPGYGATMYRGGFNRFTPY",921,0.0304,TRUE,1,"578:586","HHPHHPHHH","9",9,9,"0.7778",0.7778,0.7778,Inf,921,1.78318426691249e-09
"14","FBpp0293634","FBgn0052062","Rbfox1","nucleus; cytoplasm; nucleoplasm","GO:0005634; GO:0005737; GO:0005654","nucleic acid binding; RNA binding; mRNA binding; mRNA 3'-UTR binding; transcription factor binding; transcription regulatory region DNA binding","GO:0003676; GO:0003723; GO:0003729; GO:0003730; GO:0008134; GO:0044212","imaginal disc-derived wing vein specification; positive regulation of transcription, DNA-templated; negative regulation of translation; nervous system development; oogenesis; memory; germarium-derived oocyte differentiation","GO:0007474; GO:0045893; GO:0017148; GO:0007399; GO:0048477; GO:0007613; GO:0030706","MSASAVEVTGNVPPVEFHMREHMVQAGVAPFPGAPAGYAAAPNPGAAVVAAAAAAQQQQQQQQQQQQQQQQAQQQQQQQVAGGPPSAADSLSMAVAAAAAKQSADPVTQMKSGSEAAGSGNSNNNNTAGAGTGAPGAAGGLTTEYSSGGCGGGGASTANSVVVATSVSDVVNASLYMQQKSTVLIANEAAESQQSSAMQNAGGGGNTGGGGGGGGGGTPSSPLSNSPSSATASQAGGCGLTLNGSATEGSMSGDTSPVASGEPLLQTPPAHQQQQQQQQPLLCSSPTSMQSSGTSVTGSSIASGTLAATSSSGVGLLPTTGLDSIANGGAPTGCAVVPASTSQVIAHLNAAAAAASGIVSPSANVATSLSSALVPAQSVAAVAAASLDAKSQPKRLHVSNIPFRFRDPDLRAMFGQFGTILDVEIIFNERGSKGFGFVTFANSNDAERARERLHGTVVEGRKIEVNNATARVQTKKVTAVPNVCVQWPEAAVAAAMRGVAIQRGHVGVVGATPYHHPHHPHHHPALLAASAAAAQQQQQRQLAAAAVATAAVAQQQQQQQQAVVQQQQQQVAAAAQQQHQQQQQQQQQAVQQQQAVQQQQQHQQQQQQQQQQQHAAVAAAAAAASHPHMHAAHAHAHAHALGPQLAQLQAVAVPTAASNAAALQQSLAAAIQNPSGNPNAAAAAAAYAARLSAATGATQSPQTAAAAAAAASMAASANAANNAAALHGFAPVYYDPFLAAAASADPNLRFQAAKPVTEVPAAQPAAILNATAPLLKTPLSQAQQQAYATAATTYTAVAARAAYGAAAAAAAQPALAGYATVAGYAREYADPYLGHGIGPVPGYGATMYRGGFNRFTPY",858,0.0303,TRUE,1,"515:523","HHPHHPHHH","9",9,9,"0.7778",0.7778,0.7778,Inf,858,1.66013869318249e-09
"15","FBpp0293631","FBgn0052062","Rbfox1","nucleus; cytoplasm; nucleoplasm","GO:0005634; GO:0005737; GO:0005654","nucleic acid binding; RNA binding; mRNA binding; mRNA 3'-UTR binding; transcription factor binding; transcription regulatory region DNA binding","GO:0003676; GO:0003723; GO:0003729; GO:0003730; GO:0008134; GO:0044212","imaginal disc-derived wing vein specification; positive regulation of transcription, DNA-templated; negative regulation of translation; nervous system development; oogenesis; memory; germarium-derived oocyte differentiation","GO:0007474; GO:0045893; GO:0017148; GO:0007399; GO:0048477; GO:0007613; GO:0030706","MYYPHMVQAGVAPFPGAPAGYAAAPNPGAAVVAAAAAAQQQQQQQQQQQQQQQQAQQQQQQQVAGGPPSAADSLSMAVAAAAAKQSADPVTQMKSGSEAAGSGNSNNNNTAGAGTGAPGAAGGLTTEYSSGGCGGGGASTANSVVVATSVSDVVNASLYMQQKTNLSTQTQTQYEYEYEYNGTSLAEPRVPGPIPHPLTNGHAVDQVQQPPVQQQHLQSSLPPQNVLSISTVLIANEAAESQQSSAMQNAGGGGNTGGGGGGGGGGTPSSPLSNSPSSATASQAGGCGLTLNGSATEGSMSGDTSPVASGEPLLQTPPAHQQQQQQQQPLLCSSPTSMQSSGTSVTGSSIASGTLAATSSSGVGLLPTTGLDSIANGGAPTGCAVVPASTSQVIAHLNAAAAAASGIVSPSANVATSLSSALVPAQSVAAVAAASLDAKSQPKRLHVSNIPFRFRDPDLRAMFGQFGTILDVEIIFNERGSKGFGFVTFANSNDAERARERLHGTVVEGRKIEVNNATARVQTKKVTAVPNVVLTKDGAIPAPALVCVQWPEGYRLPVAAWPFLGAPVGAGAPTLTHLQLPVSMQMAQAPSAVAGGTAATSPATAAAAAAHAAAAAAATPIMLAPRPPHTAVQAATPTAATPRRSVYYDPFLAAAASADPNLRFQAAKPVTEVPAAQPAAILNRRTVTTLNSNPHTINRIPVPQNVLATAPLLKTPLSQAQQQAYATAATTYTAVAARAAYGAAAAAAAQPALAGYATVAGYAREYADPYLGHGIGPVPGYGATMYRGGFNRFTPY",796,0.0163,FALSE,0,NA,NA,NA,NA,NA,NA,NA,NA,Inf,796,0
"16","FBpp0305201","FBgn0052062","Rbfox1","nucleus; cytoplasm; nucleoplasm","GO:0005634; GO:0005737; GO:0005654","nucleic acid binding; RNA binding; mRNA binding; mRNA 3'-UTR binding; transcription factor binding; transcription regulatory region DNA binding","GO:0003676; GO:0003723; GO:0003729; GO:0003730; GO:0008134; GO:0044212","imaginal disc-derived wing vein specification; positive regulation of transcription, DNA-templated; negative regulation of translation; nervous system development; oogenesis; memory; germarium-derived oocyte differentiation","GO:0007474; GO:0045893; GO:0017148; GO:0007399; GO:0048477; GO:0007613; GO:0030706","MYYPSTVLIANEAAESQQSSAMQNAGGGGNTGGGGGGGGGGTPSSPLSNSPSSATASQAGGCGLTLNGSATEGSMSGDTSPVASGEPLLQTPPAHQQQQQQQQPLLCSSPTSMQSSGTSVTGSSIASGTLAATSSSGVGLLPTTGLDSIANGGAPTGCAVVPASTSQVIAHLNAAAAAASGIVSPSANVATSLSSALVPAQSVAAVAAASLDAKSQPKRLHVSNIPFRFRDPDLRAMFGQFGTILDVEIIFNERGSKGFGFVTFANSNDAERARERLHGTVVEGRKIEVNNATARVQTKKVTAVPNVVLTKDGAIPAPALVCVQWPEGYRLPVAAWPFLGAPVGAGAPTLTHLQLPVSMQMAQAPSAVAGGTAATSPATAAAAAAHAAAAAAATPIMLAPRPPHTAVQAATPTAATPRRSVYYDPFLAAAASADPNLRFQAAKPVTEVPAAQPAAILNATAPLLKTPLSQAQQQAYATAATTYTAVAARAAYGAAAAAAAQPALAGYATVAGYAREYADPYLGHGIGPVPGYGATMYRGGFNRFTPY",547,0.0146,FALSE,0,NA,NA,NA,NA,NA,NA,NA,NA,Inf,547,0
"17","FBpp0303092","FBgn0086680","vvl","DNA binding; DNA-binding transcription factor activity; sequence-specific DNA binding","GO:0003677; GO:0003700; GO:0043565","nucleus","GO:0005634","regulation of transcription, DNA-templated","GO:0006355","MAATSYMTPPSGDLDMALGGGGYHTSSPRSAADAGEMKYMQHHHHHHAAAAAAAHHQLPSSPSPNGQGNGGGLGLGSGSGLGSWSALHPDPWMQTHHTHHLPAAAAVASAADTVKQEMSHLSQQTRIQQGMASPHAAWHAPHAGHYAPTGGSPLQYHHAMNGMLHHPAHAVAAAHHQSVAPLHHTLRGESPQLHIHHHMGGGDRDAISGGEEDTPTSDDLEAFAKQFKQRRIKLGFTQADVGLALGTLYGNVFSQTTICRFEALQLSFKNMCKLKPLLQKWLEEADSTTGSPTSIDKIAAQGRKRKKRTSIEVSVKGALEQHFHKQPKPSAQEITSLADSLQLEKEVVRVWFCNRRQKEKRMTPPNTLGGDMMDGMPPGHMHHGGYHPHHDMHGSPMGTHSHSHSPPMLSPQNMQSSAVAAHQLAAH*QSEIQESNSAAAASTPASLNSLSQQQQQQQQQQQQQHQQQQQHQQQQHTPNTPSSSAGSSATMTSQVMSPQSPLGSSSAGNQANNNNNNNNNNNSSTNNNNNNNNNEEQVKHHQQQQQQQQASSIAAAAAAAMYMDPMRYQHPHHPHPHPHQHPHLNPAHHPHLFHTSDQLQHSQQQTVGGTSSNSQLSPGAGSNSGLPLQPPSSASPAGSASSVLGGHLNLNPLHQHHHYQHHHHQQHHHHQQQQQQLHARRLFELSLQFGAAAAPGAVRHFNSFGGAGGAGGE",713,0.1108,TRUE,1,"656:670","HHHYQHHHHQQHHHH","15",15,15,"0.7333",0.7333,0.7333,Inf,713,0
"18","FBpp0312430","FBgn0086680","vvl","DNA binding; DNA-binding transcription factor activity; sequence-specific DNA binding","GO:0003677; GO:0003700; GO:0043565","nucleus","GO:0005634","regulation of transcription, DNA-templated","GO:0006355","MAATSYMTPPSGDLDMALGGGGYHTSSPRSAADAGEMKYMQHHHHHHAAAAAAAHHQLPSSPSPNGQGNGGGLGLGSGSGLGSWSALHPDPWMQTHHTHHLPAAAAVASAADTVKQEMSHLSQQTRIQQGMASPHAAWHAPHAGHYAPTGGSPLQYHHAMNGMLHHPAHAVAAAHHQSVAPLHHTLRGESPQLHIHHHMGGGDRDAISGGEEDTPTSDDLEAFAKQFKQRRIKLGFTQADVGLALGTLYGNVFSQTTICRFEALQLSFKNMCKLKPLLQKWLEEADSTTGSPTSIDKIAAQGRKRKKRTSIEVSVKGALEQHFHKQPKPSAQEITSLADSLQLEKEVVRVWFCNRRQKEKRMTPPNTLGGDMMDGMPPGHMHHGGYHPHHDMHGSPMGTHSHSHSPPMLSPQNMQSSAVAAHQLAAH*QSEIQESNSAAAASTPASLNSLSQQQQQQQQQQQQQHQQQQQHQQQQHTPNTPSSSAGSSATMTSQVMSPQSPLGSSSAGNQANNNNNNNNNNNSSTNNNNNNNNNEEQVKHHQQQQQQQQASSIAAAAAAAMYMDPMRYQHPHHPHPHPHQHPHLNPAHHPHLFHTSDQLQHSQQQTVGGTSSNSQLSPGAGSNSGLPLQPPSSASPAGSASSVLGGHLNLNPLHQHHHYQHHHHQQHHHHQQQQQQLHARRLFELSLQFGAAAAPGAVRHFNSFGGAGGAGGE*HSSAAWFGYESS",726,0.1102,TRUE,1,"656:670","HHHYQHHHHQQHHHH","15",15,15,"0.7333",0.7333,0.7333,Inf,726,0
"19","FBpp0312431","FBgn0086680","vvl","DNA binding; DNA-binding transcription factor activity; sequence-specific DNA binding","GO:0003677; GO:0003700; GO:0043565","nucleus","GO:0005634","regulation of transcription, DNA-templated","GO:0006355","MAATSYMTPPSGDLDMALGGGGYHTSSPRSAADAGEMKYMQHHHHHHAAAAAAAHHQLPSSPSPNGQGNGGGLGLGSGSGLGSWSALHPDPWMQTHHTHHLPAAAAVASAADTVKQEMSHLSQQTRIQQGMASPHAAWHAPHAGHYAPTGGSPLQYHHAMNGMLHHPAHAVAAAHHQSVAPLHHTLRGESPQLHIHHHMGGGDRDAISGGEEDTPTSDDLEAFAKQFKQRRIKLGFTQADVGLALGTLYGNVFSQTTICRFEALQLSFKNMCKLKPLLQKWLEEADSTTGSPTSIDKIAAQGRKRKKRTSIEVSVKGALEQHFHKQPKPSAQEITSLADSLQLEKEVVRVWFCNRRQKEKRMTPPNTLGGDMMDGMPPGHMHHGGYHPHHDMHGSPMGTHSHSHSPPMLSPQNMQSSAVAAHQLAAH*QSEIQESNSAAAASTPASLNSLSQQQQQQQQQQQQQHQQQQQHQQQQHTPNTPSSSAGSSATMTSQVMSPQSPLGSSSAGNQANNNNNNNNNNNSSTNNNNNNNNNEEQVKHHQQQQQQQQASSIAAAAAAAMYMDPMRYQHPHHPHPHPHQHPHLNPAHHPHLFHTSDQLQHSQQQTVGGTSSNSQLSPGAGSNSGLPLQPPSSASPAGSASSVLGGHLNLNPLHQHHHYQHHHHQQHHHHQQQQQQLHARRLFELSLQFGAAAAPGAVRHFNSFGGAGGAGGE*HSSAAWFGYESS*DSASNGWPHFKREQP",742,0.1092,TRUE,1,"656:670","HHHYQHHHHQQHHHH","15",15,15,"0.7333",0.7333,0.7333,Inf,742,0
"20","FBpp0289124","FBgn0259234","Camta","nucleus","GO:0005634","DNA binding; protein homodimerization activity; DNA-binding transcription factor activity; DNA-binding transcription activator activity, RNA polymerase II-specific; calmodulin binding","GO:0003677; GO:0042803; GO:0003700; GO:0001228; GO:0005516","positive regulation of transcription, DNA-templated; positive regulation of transcription by RNA polymerase II; response to light stimulus; deactivation of rhodopsin mediated signaling","GO:0045893; GO:0045944; GO:0009416; GO:0016059","MAGYRSLPLAPVAATAAVQPTMGGVPPTMAAYAHHQSMTAMSNNGIIYQSAVHASIHSLNTVQSQHRSSTTTHHHILATATATATATAAAAAATATAAAAAAAAVVALPTAAATAAAPQQHAAYGQQQPQQHLQSQHQQQQHLGQHHTQQHSQQHAQQQQQLMTHQQHSVAQQQHHHLQQQQHLQQQQQQHHHHHHHHHHQQLSLHQNHLYFSGASLGHHHHHRQIFSHLQSALMPLSVNGEPIKLPDNLESLPRADSFPSQRHRWNTNEEIAAILISFDKHGEWQSKEVRTRPKSGSLLLYSRKKVRYRRDGYCWKKRKDGKTTREDHMKLKVQGTECIYGCYVHSAILPTFHRRCYWLLQNPDIVLVHYLNVPYPDDNKMAVIAPSITLWGDKKEWTKEELVSQLKPMLSTINSDDDSDSGNDIEISTAETVESIVCQLMEKQRLSRQAALVKQLDCGCGDGGCVDGKTCTHPVMRRSAAMLKSSVQEKRLGEPFNGNTPNVVVASKLYSRWAERPRQHVDNHGQFHNVTQQLPQESAIKFQIIPPQQQQQQDGNYQQQQYRGGSQMLAARSNLVMQQQQQHQQQQQYHQQQQQQQQQQQQHQQQQQHLSLQRFVASQGQNSVHLNQQHRLQIANTTITATASDPATTLAAAAAVAAASGATPVALNIMDTELIENQNHMTANKITNSGSSNSSSSNASKQLAGQTNNKLNVVNNNDPGNNNFMYNQQQQLNASSNSNNSSQQQQQQQQQHYYKLQQTTATPTSGQPPPLAQVQPHSLAQPPVEAMCMSPEHRSSSQPTPATSSAGSIPSSVSVSISVSTSTPTPAPTSISTPTSGTSSTSSSLQSIIDGNQQQQITTTSTAATCDNLMSANALSEQDSHTVNNQATEAPNRSQLQSQSQSLSLNQNGCATYSASSDNSSQISDESSSFGGNNQNSSNSSTSEEEPQVEALSFFNETLDLSQEDIQRTLIANMPYNTTAAGATAPSTTITTGNTKLELSQQETKEKPAMGTETATEIEDDETDDVFANLDAFDMLVEFPELDLDDKQALNNTALEQSSFLGESAPSQPRKVHNICDFSPEWSYTEGGVKVLVAGPWTSSNGGAYTVLFDAQPVPTQLVQEGVLRCYCPAHEAGFVTLQVACGGFLVSNSVMFEYKLSLLADAPFDATSSNDCLYKFTLLNRLSTIDEKLQVKTEHELTTDNTALYLEPNFEEKLVAYCHKLIKHAWSMPSTAASWTVGLRGMTLLHLAAALGYAKLVGAMLNWRSENPHIILETELDALSQDVYGFTPLAWACVRGHVECSLLLYKWNHNALKIKTQAQQTPLDLASMRGHKVLLAQMYRLEKERCRKPQLRGGLANLSMNMGVEAEAEEQHQSFSAFDLELQRKHDGVFLRPVAVHSNQSPPNGSSRYSKRSSIDSGINMDIRSKSGKPLARLHSNFESHDSYALGVDSPLDSLTGTNCLLSPLRKMDFALCEVSTGESSPVHDKDCDDNSTSATDVTIGNDLVLPDAVVGDSDAKVLTLAEHIIAAMPERIKNEADEMMVLGSPLTEPLTSESSALTDSFMDPLLDSLPNTHFDSDFSFDFHDHSYRYHDVSTPCSSLSPASSGPLQSPASYSILGTDPSVSSPSPPPSTKQLTEFLHASSISSYPFEADFSKLTLTDTEQRELYEAAKCIQKAYRSYKGRQKLEEQNKERSAATVIQNYYRRYKQYAYYRQMTNAALVIQHGYRSYRRNKRFKKSGLCLSSSSDHGSVSSNSQCLSSFYDHYKQDQQQLHELGSQPSTPKETSPSGPLKRTYSQSTQNQAARKIQQFMRQSRIKLQKERAEKEKLVHQRRAEYLQNLQFQGQQEMLVYHENNISAPSSGNTNASNNNNLHQIQSNQ",1881,0.0478,TRUE,1,"191:200","HHHHHHHHHH","10",10,10,"1",1,1,Inf,1881,1.8289370018465e-10
"21","FBpp0289125","FBgn0259234","Camta","nucleus","GO:0005634","DNA binding; protein homodimerization activity; DNA-binding transcription factor activity; DNA-binding transcription activator activity, RNA polymerase II-specific; calmodulin binding","GO:0003677; GO:0042803; GO:0003700; GO:0001228; GO:0005516","positive regulation of transcription, DNA-templated; positive regulation of transcription by RNA polymerase II; response to light stimulus; deactivation of rhodopsin mediated signaling","GO:0045893; GO:0045944; GO:0009416; GO:0016059","MAGYRSLPLAPVAATAAVQPTMGGVPPTMAAYAHHQSMTAMSNNGIIYQSAVHASIHSLNTVQSQHRSSTTTHHHILATATATATATAAAAAATATAAAAAAAAVVALPTAAATAAAPQQHAAYGQQQPQQHLQSQHQQQQHLGQHHTQQHSQQHAQQQQQLMTHQQHSVAQQQHHHLQQQQHLQQQQQQHHHHHHHHHHQQLSLHQNHLYFSGASLGHHHHHRQIFSHLQSALMPLSVNGEPIKLPDNLESLPRADSFPSQRHRWNTNEEIAAILISFDKHGEWQSKEVRTRPKSGSLLLYSRKKVRYRRDGYCWKKRKDGKTTREDHMKLKVQGTECIYGCYVHSAILPTFHRRCYWLLQNPDIVLVHYLNVPYPDDNKMAVIAPSITLWGDKKEWTKEELVSQLKPMLSTINSDDDSDSGNDIEISTAETVESIVCQLMEKQRLSRQAALVKQLDCGCGDGGCVDGKTCTHPVMRRSAAMLKSSVQEKRLGEPFNGNTPNVVVASKLYSRWAERPRQHVDNHGQFHNVTQQLPQESAIKFQIIPPQQQQQQDGNYQQQQYRGGSQMLAARSNLVMQQQQQHQQQQQYHQQQQQQQQQQQQHQQQQQHLSLQRFVASQGQNSVHLNQQHRLQIANTTITATASDPATTLAAAAAVAAASGATPVALNIMDTELIENQNHMTANKITNSGSSNSSSSNASKQLAGQTNNKLNVVNNNDPGNNNFMYNQQQQLNASSNSNNSSQQQQQQQQQHYYKLQQTTATPTSGQPPPLAQVQPHSLAQPPVEAMCMSPEHRSSSQPTPATSSAGSIPSSVSVSISVSTSTPTPAPTSISTPTSGTSSTSSSLQSIIDGNQQQQITTTSTAATCDNLMSANALSEQDSHTVNNQATEAPNRSQLQSQSQSLSLNQNGCATYSASSDNSSQISDESSSFGGNNQNSSNSSTSEEEPQVEALSFFNETLDLSQEDIQRTLIANMPYNTTAAGATAPSTTITTGNTKLELSQQETKEKPAMGTETATEIEDDETDDVFANLDAFDMLVEFPELDLDDKQALNNTALEQSSFLGESAPSQPRKVHNICDFSPEWSYTEGGVKVLVAGPWTSSNGGAYTVLFDAQPVPTQLVQEGVLRCYCPAHEAGFVTLQVACGGFLVSNSVMFEYKLSLLADAPFDATSSNDCLYKFTLLNRLSTIDEKLQVKTEHELTTDNTALYLEPNFEEKLVAYCHKLIKHAWSMPSTAASWTVGLRGMTLLHLAAALGYAKLVGAMLNWRSENPHIILETELDALSQDVYGFTPLAWACVRGHVECSLLLYKWNHNALKIKTQAQQTPLDLASMRGHKVLLAQMYRLEKERCRKPQLRGGLANLSMNMGVEAEAEEQHQSFSAFDLELQRKHDGVFLRPVAVHSNQSPPNGSSRYSKRSSIDSGINMDIRSKSGKPLARLHSNFESHDSYALGVDSPLDSLTGTNCLLSPLRKMDFALWDSDAKVLTLAEHIIAAMPERIKNEADEMMVLGSPLTEPLTSESSALTDSFMDPLLDSLPNTHFDSDFSFDFHDHSYRYHDVSTPCSSLSPASSGPLQSPASYSILGTDPSVSSPSPPPSTKQLTEFLHASSISSYPFEADFSKLTLTDTEQRELYEAAKCIQKAYRSYKGRQKLEEQNKERSAATVIQNYYRRYKQYAYYRQMTNAALVIQHGYRSYRRNKRFKKSGLCLSSSSDHGSVSSNSQCLSSFYDHYKQDQQQLHELGSQPSTPKETSPSGPLKRTYSQSTQNQAARKIQQFMRQSRIKLQKERAEKEKLVHQRRAEYLQNLQFQGQQEMLVYHENNISAPSSGNTNASNNNNLHQIQSNQ",1842,0.0483,TRUE,1,"191:200","HHHHHHHHHH","10",10,10,"1",1,1,Inf,1842,1.79083414764136e-10
"22","FBpp0289123","FBgn0259234","Camta","nucleus","GO:0005634","DNA binding; protein homodimerization activity; DNA-binding transcription factor activity; DNA-binding transcription activator activity, RNA polymerase II-specific; calmodulin binding","GO:0003677; GO:0042803; GO:0003700; GO:0001228; GO:0005516","positive regulation of transcription, DNA-templated; positive regulation of transcription by RNA polymerase II; response to light stimulus; deactivation of rhodopsin mediated signaling","GO:0045893; GO:0045944; GO:0009416; GO:0016059","MENVPDISTSASSSSTSNSTSTLKLQSQITSKNVLIRSQSSGKLSSNEAKSAKPAATTSTTTTLRAAKLKIGAMQQQKQQHQQQHQATSGGNIILLRGTRNENGQIIIQNKQDILSLLSEQQQQQQQEKSHSSTAITLNQLPTATTVARKTIVQGSSGAGSSSSSSSSTISIVANSNNKEASSNTILLQTPINASQLESVLKAQERSKQANATQTKMVERPFMLKHATRSLSSESNCDSKSPFVLQTLKRLEKSQSILVIRNSTASTAATNTSMATSPPNGNSLATSSILSVTRTTKAAKGVAGALHKLKAAAATTATSGGASSAGATSSTATTILRLGKSATTVAINGASKLEATTSTTTAVPVPATATTSNKLSNAVTSEQQQQQQQQSTTTQTNVPLGNDGEPIKLPDNLESLPRADSFPSQRHRWNTNEEIAAILISFDKHGEWQSKEVRTRPKSGSLLLYSRKKVRYRRDGYCWKKRKDGKTTREDHMKLKVQGTECIYGCYVHSAILPTFHRRCYWLLQNPDIVLVHYLNVPYPDDNKMAVIAPSITLWGDKKEWTKEELVSQLKPMLSTINSDDDSDSGNDIEISTAETVESIVCQLMEKQRLSRQAALVKQLDCGCGDGGCVDGKTCTHPVMRRSAAMLKSSVQEKRLGEPFNGNTPNVVVASKLYSRWAERPRQHVDNHGQFHNVTQQLPQESAIKFQIIPPQQQQQQDGNYQQQQYRGGSQMLAARSNLVMQQQQQHQQQQQYHQQQQQQQQQQQQHQQQQQHLSLQRFVASQGQNSVHLNQQHRLQIANTTITATASDPATTLAAAAAVAAASGATPVALNIMDTELIENQNHMTANKITNSGSSNSSSSNASKQLAGQTNNKLNVVNNNDPGNNNFMYNQQQQLNASSNSNNSSQQQQQQQQQHYYKLQQTTATPTSGQPPPLAQVQPHSLAQPPVEAMCMSPEHRSSSQPTPATSSAGSIPSSVSVSISVSTSTPTPAPTSISTPTSGTSSTSSSLQSIIDGNQQQQITTTSTAATCDNLMSANALSEQDSHTVNNQATEAPNRSQLQSQSQSLSLNQNGCATYSASSDNSSQISDESSSFGGNNQNSSNSSTSEEEPQVEALSFFNETLDLSQEDIQRTLIANMPYNTTAAGATAPSTTITTGNTKLELSQQETKEKPAMGTETATEIEDDETDDVFANLDAFDMLVEFPELDLDDKQALNNTALEQSSFLGESAPSQPRKVHNICDFSPEWSYTEGGVKVLVAGPWTSSNGGAYTVLFDAQPVPTQLVQEGVLRCYCPAHEAGFVTLQVACGGFLVSNSVMFEYKLSLLADAPFDATSSNDCLYKFTLLNRLSTIDEKLQVKTEHELTTDNTALYLEPNFEEKLVAYCHKLIKHAWSMPSTAASWTVGLRGMTLLHLAAALGYAKLVGAMLNWRSENPHIILETELDALSQDVYGFTPLAWACVRGHVECSLLLYKWNHNALKIKTQAQQTPLDLASMRGHKVLLAQMYRLEKERCRKPQLRGGLANLSMNMGVEAEAEEQHQSFSAFDLELQRKHDGVFLRPVAVHSNQSPPNGSSRYSKRSSIDSGINMDIRSKSGKPLARLHSNFESHDSYALGVDSPLDSLTGTNCLLSPLRKMDFALWDSDAKVLTLAEHIIAAMPERIKNEADEMMVLGSPLTEPLTSESSALTDSFMDPLLDSLPNTHFDSDFSFDFHDHSYRYHDVSTPCSSLSPASSGPLQSPASYSILGTDPSVSSPSPPPSTKQLTEFLHASSISSYPFEADFSKLTLTDTEQRELYEAAKCIQKAYRSYKGRQKLEEQNKERSAATVIQNYYRRYKQYAYYRQMTNAALVIQHGYRSYRRNKRFKKSGLCLSSSSDHGSVSSNSQCLSSFYDHYKQDQQQLHELGSQPSTPKETSPSGPLKRTYSQSTQNQAARKIQQFMRQSRIKLQKERAEKEKLVHQRRAEYLQNLQFQGQQEMLVYHENNISAPSSGNTNASNNNNLHQIQSNQ",2005,0.0269,FALSE,0,NA,NA,NA,NA,NA,NA,NA,NA,Inf,2005,0
"23","FBpp0289754","FBgn0259234","Camta","nucleus","GO:0005634","DNA binding; protein homodimerization activity; DNA-binding transcription factor activity; DNA-binding transcription activator activity, RNA polymerase II-specific; calmodulin binding","GO:0003677; GO:0042803; GO:0003700; GO:0001228; GO:0005516","positive regulation of transcription, DNA-templated; positive regulation of transcription by RNA polymerase II; response to light stimulus; deactivation of rhodopsin mediated signaling","GO:0045893; GO:0045944; GO:0009416; GO:0016059","MENVPDISTSASSSSTSNSTSTLKLQSQITSKNVLIRSQSSGKLSSNEAKSAKPAATTSTTTTLRAAKLKIGAMQQQKQQHQQQHQATSGGNIILLRGTRNENGQIIIQNKQDILSLLSEQQQQQQQEKSHSSTAITLNQLPTATTVARKTIVQGSSGAGSSSSSSSSTISIVANSNNKEASSNTILLQTPINASQLESVLKAQERSKQANATQTKMVERPFMLKHATRSLSSESNCDSKSPFVLQTLKRLEKSQSILVIRNSTASTAATNTSMATSPPNGNSLATSSILSVTRTTKAAKGVAGALHKLKAAAATTATSGGASSAGATSSTATTILRLGKSATTVAINGASKLEATTSTTTAVPVPATATTSNKLSNAVTSEQQQQQQQQSTTTQTNVPLGNDGEPIKLPDNLESLPRADSFPSQRHRWNTNEEIAAILISFDKHGEWQSKEVRTRPKSGSLLLYSRKKVRYRRDGYCWKKRKDGKTTREDHMKLKVQGTECIYGCYVHSAILPTFHRRCYWLLQNPDIVLVHYLNVPYPDDNKMAVIAPSITLWGDKKEWTKEELVSQLKPMLSTINSDDDSDSGNDIEISTAETVESIVCQLMEKQRLSRQAALVKQLDCGCGDGGCVDGKTCTHPVMRRSAAMLKSSVQEKRLGEPFNGNTPNVVVASKLYSRWAERPRQHVDNHGQFHNVTQQLPQESAIKFQIIPPQQQQQQDGNYQQQQYRGGSQMLAARSNLVMQQQQQHQQQQQYHQQQQQQQQQQQQHQQQQQHLSLQRFVASQGQNSVHLNQQHRLQIANTTITATASDPATTLAAAAAVAAASGATPVALNIMDTELIENQNHMTANKITNSGSSNSSSSNASKQLAGQTNNKLNVVNNNDPGNNNFMYNQQQQLNASSNSNNSSQQQQQQQQQHYYKLQQTTATPTSGQPPPLAQVQPHSLAQPPVEAMCMSPEHRSSSQPTPATSSAGSIPSSVSVSISVSTSTPTPAPTSISTPTSGTSSTSSSLQSIIDGNQQQQITTTSTAATCDNLMSANALSEQDSHTVNNQATEAPNRSQLQSQSQSLSLNQNGCATYSASSDNSSQISDESSSFGGNNQNSSNSSTSEEEPQVEALSFFNETLDLSQEDIQRTLIANMPYNTTAAGATAPSTTITTGNTKLELSQQETKEKPAMGTETATEIEDDETDDVFANLDAFDMLVEFPELDLDDKQALNNTALEQSSFLGESAPSQPRKVHNICDFSPEWSYTEGGVKVLVAGPWTSSNGGAYTVLFDAQPVPTQLVQEGVLRCYCPAHEAGFVTLQVACGGFLVSNSVMFEYKLSLLADAPFDATSSNDCLYKFTLLNRLSTIDEKLQVKTEHELTTDNTALYLEPNFEEKLVAYCHKLIKHAWSMPSTAASWTVGLRGMTLLHLAAALGYAKLVGAMLNWRSENPHIILETELDALSQDVYGFTPLAWACVRGHVECSLLLYKWNHNALKIKTQAQQTPLDLASMRGHKVLLAQMYRLEKERCRKPQLRGGLANLSMNMGVEAEAEEQHQSFSAFDLELQRKHDGVFLRPVAVHSNQSPPNGSSRYSKRSSIDSGINMDIRSKSGKPLARLHSNFESHDSYALGVDSPLDSLTGTNCLLSPLRKMDFALCEVSTGESSPVHDKDCDDNSTSATDVTIGNDLVLPDAVVGDSDAKVLTLAEHIIAAMPERIKNEADEMMVLGSPLTEPLTSESSALTDSFMDPLLDSLPNTHFDSDFSFDFHDHSYRYHDVSTPCSSLSPASSGPLQSPASYSILGTDPSVSSPSPPPSTKQLTEFLHASSISSYPFEADFSKLTLTDTEQRELYEAAKCIQKAYRSYKGRQKLEEQNKERSAATVIQNYYRRYKQYAYYRQMTNAALVIQHGYRSYRRNKRFKKSGLCLSSSSDHGSVSSNSQCLSSFYDHYKQDQQQLHELGSQPSTPKETSPSGPLKRTYSQSTQNQAARKIQQFMRQSRIKLQKERAEKEKLVHQRRAEYLQNLQFQGQQEMLVYHENNISAPSSGNTNASNNNNLHQIQSNQ",2044,0.0269,FALSE,0,NA,NA,NA,NA,NA,NA,NA,NA,Inf,2044,0
"24","FBpp0290980","FBgn0259234","Camta","nucleus","GO:0005634","DNA binding; protein homodimerization activity; DNA-binding transcription factor activity; DNA-binding transcription activator activity, RNA polymerase II-specific; calmodulin binding","GO:0003677; GO:0042803; GO:0003700; GO:0001228; GO:0005516","positive regulation of transcription, DNA-templated; positive regulation of transcription by RNA polymerase II; response to light stimulus; deactivation of rhodopsin mediated signaling","GO:0045893; GO:0045944; GO:0009416; GO:0016059","MENVPDISTSASSSSTSNSTSTLKLQSQITSKNVLIRSQSSGKLSSNEAKSAKPAATTSTTTTLRAAKLKIGAMQQQKQQHQQQHQATSGGNIILLRGTRNENGQIIIQNKQDILSLLSEQQQQQQQEKSHSSTAITLNQLPTATTVARKTIVQGSSGAGSSSSSSSSTISIVANSNNKEASSNTILLQTPINASQLESVLKAQERSKQANATQTKMVERPFMLKHATRSLSSESNCDSKSPFVLQTLKRLEKSQSILVIRNSTASTAATNTSMATSPPNGNSLATSSILSVTRTTKAAKGVAGALHKLKAAAATTATSGGASSAGATSSTATTILRLGKSATTVAINGASKLEATTSTTTAVPVPATATTSNKLSNAVTSEQQQQQQQQSTTTQTNVPLGNDGEPIKLPDNLESLPRADSFPSQRHRWNTNEEIAAILISFDKHGEWQSKEVRTRPKSGSLLLYSRKKVRYRRDGYCWKKRKDGKTTREDHMKLKVQGTECIYGCYVHSAILPTFHRRCYWLLQNPDIVLVHYLNVPYPDDNKMAVIAPSITLWGDKKEWTKEELVSQLKPMLSTINSDDDSDSGNDIEISTAETVESIVCQLMEKQRLSRQAALVKQLDCGCGDGGCVDGKTCTHPVMRRSAAMLKSSVQEKRLGEPFNGNTPNVVVASKLYSRWAERPRQHVDNHGQFHNVTQQLPQESAIKFQIIPPQQQQQQDGNYQQQQYRGGSQMLAARSNLVMQQQQQHQQQQQYHQQQQQQQQQQQQHQQQQQHLSLQRFVASQGQNSVHLNQQHRLQIANTTITATASDPATTLAAAAAVAAASGATPVALNIMDTELIENQNHMTANKITNSGSSNSSSSNASKQLAGQTNNKLNVVNNNDPGNNNFMYNQQQQLNASSNSNNSSQQQQQQQQQHYYKLQQTTATPTSGQPPPLAQVQPHSLAQPPVEAMCMSPEHRSSSQPTPATSSAGSIPSSVSVSISVSTSTPTPAPTSISTPTSGTSSTSSSLQSIIDGNQQQQITTTSTAATCDNLMSANALSEDSHTVNNQATEAPNRSQLQSQSQSLSLNQNGCATYSASSDNSSQISDESSSFGGNNQNSSNSSTSEEEPQVEALSFFNETLDLSQEDIQRTLIANMPYNTTAAGATAPSTTITTGNTKLELSQQETKEKPAMGTETATEIEDDETDDVFANLDAFDMLVEFPELDLDDKQALNNTALEQSSFLGESAPSQPRKVHNICDFSPEWSYTEGGVKVLVAGPWTSSNGGAYTVLFDAQPVPTQLVQEGVLRCYCPAHEAGFVTLQVACGGFLVSNSVMFEYKLSLLADAPFDATSSNDCLYKFTLLNRLSTIDEKLQVKTEHELTTDNTALYLEPNFEEKLVAYCHKLIKHAWSMPSTAASWTVGLRGMTLLHLAAALGYAKLVGAMLNWRSENPHIILETELDALSQDVYGFTPLAWACVRGHVECSLLLYKWNHNALKIKTQAQQTPLDLASMRGHKVLLAQMYRLEKERCRKPQLRGGLANLSMNMGVEAEAEEQHQSFSAFDLELQRKHDGVFLRPVAVHSNQSPPNGSSRYSKRSSIDSGINMDIRSKSGKPLARLHSNFESHDSYALGVDSPLDSLTGTNCLLSPLRKMDFALWDSDAKVLTLAEHIIAAMPERIKNEADEMMVLGSPLTEPLTSESSALTDSFMDPLLDSLPNTHFDSDFSFDFHDHSYRYHDVSTPCSSLSPASSGPLQSPASYSILGTDPSVSSPSPPPSTKQLTEFLHASSISSYPFEADFSKLTLTDTEQRELYEAAKCIQKAYRSYKGRQKLEEQNKERSAATVIQNYYRRYKQYAYYRQMTNAALVIQHGYRSYRRNKRFKKSGLCLSSSSDHGSVSSNSQCLSSFYDHYKQDQQQLHELGSQPSTPKETSPSGPLKRTYSQSTQNQAARKIQQFMRQSRIKLQKERAEKEKLVHQRRAEYLQNLQFQGQQEMLVYHENNISAPSSGNTNASNNNNLHQIQSNQ",2004,0.0269,FALSE,0,NA,NA,NA,NA,NA,NA,NA,NA,Inf,2004,0
"25","FBpp0308472","FBgn0259234","Camta","nucleus","GO:0005634","DNA binding; protein homodimerization activity; DNA-binding transcription factor activity; DNA-binding transcription activator activity, RNA polymerase II-specific; calmodulin binding","GO:0003677; GO:0042803; GO:0003700; GO:0001228; GO:0005516","positive regulation of transcription, DNA-templated; positive regulation of transcription by RNA polymerase II; response to light stimulus; deactivation of rhodopsin mediated signaling","GO:0045893; GO:0045944; GO:0009416; GO:0016059","MFYGAQNKLQLQLTRPKPTTIPTTTDMPSYLVFFDGEPIKLPDNLESLPRADSFPSQRHRWNTNEEIAAILISFDKHGEWQSKEVRTRPKSGSLLLYSRKKVRYRRDGYCWKKRKDGKTTREDHMKLKVQGTECIYGCYVHSAILPTFHRRCYWLLQNPDIVLVHYLNVPYPDDNKMAVIAPSITLWGDKKEWTKEELVSQLKPMLSTINSDDDSDSGNDIEISTAETVESIVCQLMEKQRLSRQAALVKQLDCGCGDGGCVDGKTCTHPVMRRSAAMLKSSVQEKRLGEPFNGNTPNVVVASKLYSRWAERPRQHVDNHGQFHNVTQQLPQESAIKFQIIPPQQQQQQDGNYQQQQYRGGSQMLAARSNLVMQQQQQHQQQQQYHQQQQQQQQQQQQHQQQQQHLSLQRFVASQGQNSVHLNQQHRLQIANTTITATASDPATTLAAAAAVAAASGATPVALNIMDTELIENQNHMTANKITNSGSSNSSSSNASKQLAGQTNNKLNVVNNNDPGNNNFMYNQQQQLNASSNSNNSSQQQQQQQQQHYYKLQQTTATPTSGQPPPLAQVQPHSLAQPPVEAMCMSPEHRSSSQPTPATSSAGSIPSSVSVSISVSTSTPTPAPTSISTPTSGTSSTSSSLQSIIDGNQQQQITTTSTAATCDNLMSANALSEDSHTVNNQATEAPNRSQLQSQSQSLSLNQNGCATYSASSDNSSQISDESSSFGGNNQNSSNSSTSEEEPQVEALSFFNETLDLSQEDIQRTLIANMPYNTTAAGATAPSTTITTGNTKLELSQQETKEKPAMGTETATEIEDDETDDVFANLDAFDMLVEFPELDLDDKQALNNTALEQSSFLGESAPSQPRKVHNICDFSPEWSYTEGGVKVLVAGPWTSSNGGAYTVLFDAQPVPTQLVQEGVLRCYCPAHEAGFVTLQVACGGFLVSNSVMFEYKLSLLADAPFDATSSNDCLYKFTLLNRLSTIDEKLQVKTEHELTTDNTALYLEPNFEEKLVAYCHKLIKHAWSMPSTAASWTVGLRGMTLLHLAAALGYAKLVGAMLNWRSENPHIILETELDALSQDVYGFTPLAWACVRGHVECSLLLYKWNHNALKIKTQAQQTPLDLASMRGHKVLLAQMYRLEKERCRKPQLRGGLANLSMNMGVEAEAEEQHQSFSAFDLELQRKHDGVFLRPVAVHSNQSPPNGSSRYSKRSSIDSGINMDIRSKSGKPLARLHSNFESHDSYALGVDSPLDSLTGTNCLLSPLRKMDFALCEVSTGESSPVHDKDCDDNSTSATDVTIGNDLVLPDAVVGDSDAKVLTLAEHIIAAMPERIKNEADEMMVLGSPLTEPLTSESSALTDSFMDPLLDSLPNTHFDSDFSFDFHDHSYRYHDVSTPCSSLSPASSGPLQSPASYSILGTDPSVSSPSPPPSTKQLTEFLHASSISSYPFEADFSKLTLTDTEQRELYEAAKCIQKAYRSYKGRQKLEEQNKERSAATVIQNYYRRYKQYAYYRQMTNAALVIQHGYRSYRRNKRFKKSGLCLSSSSDHGSVSSNSQCLSSFYDHYKQDQQQLHELGSQPSTPKETSPSGPLKRTYSQSTQNQAARKIQQFMRQSRIKLQKERAEKEKLVHQRRAEYLQNLQFQGQQEMLVYHENNISAPSSGNTNASNNNNLHQIQSNQ",1675,0.0299,FALSE,0,NA,NA,NA,NA,NA,NA,NA,NA,Inf,1675,0
"26","FBpp0308473","FBgn0259234","Camta","nucleus","GO:0005634","DNA binding; protein homodimerization activity; DNA-binding transcription factor activity; DNA-binding transcription activator activity, RNA polymerase II-specific; calmodulin binding","GO:0003677; GO:0042803; GO:0003700; GO:0001228; GO:0005516","positive regulation of transcription, DNA-templated; positive regulation of transcription by RNA polymerase II; response to light stimulus; deactivation of rhodopsin mediated signaling","GO:0045893; GO:0045944; GO:0009416; GO:0016059","MENVPDISTSASSSSTSNSTSTLKLQSQITSKNVLIRSQSSGKLSSNEAKSAKPAATTSTTTTLRAAKLKIGAMQQQKQQHQQQHQATSGGNIILLRGTRNENGQIIIQNKQDILSLLSEQQQQQQQEKSHSSTAITLNQLPTATTVARKTIVQGSSGAGSSSSSSSSTISIVANSNNKEASSNTILLQTPINASQLESVLKAQERSKQANATQTKMVERPFMLKHATRSLSSESNCDSKSPFVLQTLKRLEKSQSILVIRNSTASTAATNTSMATSPPNGNSLATSSILSVTRTTKAAKGVAGALHKLKAAAATTATSGGASSAGATSSTATTILRLGKSATTVAINGASKLEATTSTTTAVPVPATATTSNKLSNAVTSEQQQQQQQQSTTTQTNVPLGNDGEPIKLPDNLESLPRADSFPSQRHRWNTNEEIAAILISFDKHGEWQSKEVRTRPKSGSLLLYSRKKVRYRRDGYCWKKRKDGKTTREDHMKLKVQGTECIYGCYVHSAILPTFHRRCYWLLQNPDIVLVHYLNVPYPDDNKMAVIAPSITLWGDKKEWTKEELVSQLKPMLSTINSDDDSDSGNDIEISTAETVESIVCQLMEKQRLSRQAALVKQLDCGCGDGGCVDGKTCTHPVMRRSAAMLKSSVQEKRLGEPFNGNTPNVVVASKLYSRWAERPRQHVDNHGQFHNVTQQLPQESAIKFQIIPPQQQQQQDGNYQQQQYRGGSQMLAARSNLVMQQQQQHQQQQQYHQQQQQQQQQQQQHQQQQQHLSLQRFVASQGQNSVHLNQQHRLQIANTTITATASDPATTLAAAAAVAAASGATPVALNIMDTELIENQNHMTANKITNSGSSNSSSSNASKQLAGQTNNKLNVVNNNDPGNNNFMYNQQQQLNASSNSNNSSQQQQQQQQQHYYKLQQTTATPTSGQPPPLAQVQPHSLAQPPVEAMCMSPEHRSSSQPTPATSSAGSIPSSVSVSISVSTSTPTPAPTSISTPTSGTSSTSSSLQSIIDGNQQQQITTTSTAATCDNLMSANALSEDSHTVNNQATEAPNRSQLQSQSQSLSLNQNGCATYSASSDNSSQISDESSSFGGNNQNSSNSSTSEEEPQVEALSFFNETLDLSQEDIQRTLIANMPYNTTAAGATAPSTTITTGNTKLELSQQETKEKPAMGTETATEIEDDETDDVFANLDAFDMLVEFPELDLDDKQALNNTALEQSSFLGESAPSQPRKVHNICDFSPEWSYTEGGVKVLVAGPWTSSNGGAYTVLFDAQPVPTQLVQEGVLRCYCPAHEAGFVTLQVACGGFLVSNSVMFEYKLSLLADAPFDATSSNDCLYKFTLLNRLSTIDEKLQVKTEHELTTDNTALYLEPNFEEKLVAYCHKLIKHAWSMPSTAASWTVGLRGMTLLHLAAALGYAKLVGAMLNWRSENPHIILETELDALSQDVYGFTPLAWACVRGHVECSLLLYKWNHNALKIKTQAQQTPLDLASMRGHKVLLAQMYRLEKERCRKPQLRGGLANLSMNMGVEAEAEEQHQSFSAFDLELQRKHDGVFLRPVAVHSNQSPPNGSSRYSKRSSIDSGINMDIRSKSGKPLARLHSNFESHDSYALGVDSPLDSLTGTNCLLSPLRKMDFALWDSDAKVLTLAEHIIAAMPERIKNEADEMMVLGSPLTEPLTSESSALTDSFMDPLLDSLPNTHFDSDFSFDFHDHSYRYHDVSTPCSSLSPASSGPLQSPASYSILGTDPSVSSPSPPPSTKQLTEFLHASSISSYPFEADFSKLTLTDTEQRELYEAAKCIQKAYRSYKGRQKLEEQNKERSAATVIQNYYRRYKQYAYYRQMTNAALVIQHGYRSYRRNKRFKKSGLCLSSSSDHGSVSSNSQCLSSFYDHYKQDQQQLHELGSQPSTPKETSPSGPLKRTYSQSTQNQAARKIQQFMRQSRINIWDGNLAIVTTERASRKREAGAPTQGGIPSKLAVSRAAGNVGLPRK",1988,0.0257,FALSE,0,NA,NA,NA,NA,NA,NA,NA,NA,Inf,1988,0
"27","FBpp0306032","FBgn0262139","trh","DNA binding; protein dimerization activity","GO:0003677; GO:0046983","nucleus","GO:0005634","regulation of transcription, DNA-templated","GO:0006355","MEHHGSGFVASPWAAVLGHHSMASDAGFAAAAAAAHVQNHSMHHPIHSHHHHHSHSHPHPHPHSHPHHHPHLGTAGGMPMDLHVPQGFPYYRYREDALCWGDRKSMEEIGAAQSSVNARILELRKEKSRDAARSRRGKENYEFYELAKMLPLPAAITSQLDKASIIRLTISYLKLRDFSGHGDPPWTREASSSSKLKSAAIRRSPAVDLFEQHQGTHILQSLDGFALAVAADGRFLYISETVSIYLGLSQVEMTGSSIFDYIHQADHSEIADQLGLSLTSGGGGGGGSSSSGGGGGGAGGGMASPTSGASDDGSGTHVAASMTQASTSGYKGYDRSFCVRMKSTLTKRGCHFKSSGYRASDATSNCNNGNNASNNAKNVKNPGSNYSVVLLLCKLRPQYTFSHSRKSQPPLLGMVALAIALPPPSVHEIRLECDMFVTRVNFDLRVAHCEPRVSDLLDYSPEDLVNKSLYSLCHAEDANRLRKSHSDLIEKGQVLTGYYRLMNKSGGYTWLQTCATVVCSTKNADEQNIICVNYVISNRENENMILDCCQLEPSPDSIKHEEGLGNDKSSGSPGGDASGEGNSHLSAGDMKLNSPKTDSEGHSHRGRGRSAAASHGSSMNSLTMIKDSPTPLGVEIDSGVLPTTVATPVPAATPPVQSTKRKRKTKASQHAEDQGQEQVISEQPLPKLPTMEQRDQQPRSRLPSIVDEQPSSAADSAVKDLEQAMSKHLPSPAAVVSVAPPNTDFSADSLLKQQQQQQQLDPNEKSSTIQWIGTPYQQPPAPMPATALLRQLYANRESVIRATARQTPTGVGPGVFYGDQQTGPLPTPPGSESSYENQYLQLHSAASGGHPGGQKTSADAFTNLVSTYGGYHSSIDYHNAMTPPSSVSPRDSNQPGKAAPVLASNGGYDYAPDPLRGQYATSSGDVVPATLPLKPQASYTATMHPSGSTTTEGGVTYSNLDQPQYFAPHSSFHLYHKGSPASGWYSTPS",989,0.0526,TRUE,1,"49:69","HHHHHSHSHPHPHPHSHPHHH","21",21,21,"0.6667",0.6667,0.6667,Inf,989,0
"28","FBpp0303179","FBgn0262139","trh","nucleus","GO:0005634","DNA binding; protein dimerization activity; DNA-binding transcription factor activity, RNA polymerase II-specific; sequence-specific DNA binding; protein heterodimerization activity; DNA-binding transcription factor activity; DNA-binding transcription activator activity, RNA polymerase II-specific","GO:0003677; GO:0046983; GO:0000981; GO:0043565; GO:0046982; GO:0003700; GO:0001228","regulation of transcription, DNA-templated; open tracheal system development; spiracle morphogenesis, open tracheal system; positive regulation of transcription by RNA polymerase II; salivary gland development; Malpighian tubule morphogenesis; salivary gland morphogenesis; multicellular organism development; epithelial cell fate determination, open tracheal system; limb development; tracheal pit formation in open tracheal system; epithelial tube formation","GO:0006355; GO:0007424; GO:0035277; GO:0045944; GO:0007431; GO:0007443; GO:0007435; GO:0007275; GO:0007425; GO:0060173; GO:0035202; GO:0072175","MLPYQAAVAMDYAGYQRQPTPGHPGSHMATMGSLGMPAVPFTHSWMVPTQDLCAMPPYNKMTGHQQPPGAGMHAQQQPLEPGILELRKEKSRDAARSRRGKENYEFYELAKMLPLPAAITSQLDKASIIRLTISYLKLRDFSGHGDPPWTREASSSSKLKSAAIRRSPAVDLFEQHQGTHILQSLDGFALAVAADGRFLYISETVSIYLGLSQVEMTGSSIFDYIHQADHSEIADQLGLSLTSGGGGGGGSSSSGGGGGGAGGGMASPTSGASDDGSGTHGTNNPDVAASMTQASTSGYKGYDRSFCVRMKSTLTKRGCHFKSSGYRASDATSNCNNGNNASNNAKNVKNPGSNYSVVLLLCKLRPQYTFSHSRKSQPPLLGMVALAIALPPPSVHEIRLECDMFVTRVNFDLRVAHCEPRVSDLLDYSPEDLVNKSLYSLCHAEDANRLRKSHSDLIEKGQVLTGYYRLMNKSGGYTWLQTCATVVCSTKNADEQNIICVNYVISNRENENMILDCCQLEPSPDSIKHEEGLGNDKSSGSPGGDASGEGNSHLSAGDMKLNSPKTDSEGHSHRGRGRSAAASHGSSMNSLTMIKDSPTPLGVEIDSGVLPTTVATPVPAATPPVQSTKRKRKTKASQHAEDQGQEQVISEQPLPKLPTMEQRDQQPRSRLPSIVDEQPSSAADSAVKDLEQAMSKHLPSPAAVVSVAPPNTDFSADSLLKQQQQQQQLDPNEKSSTIQWIGTPYQQPPAPMPATALLRQLYANRESVIRATARQTPTGVGPGVFYGDQQTGPLPTPPGSESSYENQYLQLHSAASGGHPGGQKTSADAFTNLVSTYGGYHSSIDYHNAMTPPSSVSPRDSNQPGKAAPVLASNGGYDYAPDPLRGQYATSSGDVVPATLPLKPQASYTATMHPSGSTTTEGGVTYSNLDQPQYFAPHSSFHLYHKGSPASGWYSTPS*VVDDQGQVPPSCQDQYHHHHHHHHHQDGSAGSSASQASERWDFVGALGKVARMFFSARKGNPG",1022,0.0401,TRUE,1,"976:984","HHHHHHHHH","9",9,9,"1",1,1,Inf,1022,1.98044780574946e-09
"29","FBpp0293064","FBgn0262139","trh","DNA binding; protein dimerization activity","GO:0003677; GO:0046983","nucleus","GO:0005634","regulation of transcription, DNA-templated","GO:0006355","MLPYQAAVAMDYAGYQRQPTPGHPGSHMATMGSLGMPAVPFTHSWMVPTQDLCAMPPYNKMTGHQQPPGAGMHAQQQPLEPGILELRKEKSRDAARSRRGKENYEFYELAKMLPLPAAITSQLDKASIIRLTISYLKLRDFSGHGDPPWTREASSSSKLKSAAIRRSPAVDLFEQHQGTHILQSLDGFALAVAADGRFLYISETVSIYLGLSQVEMTGSSIFDYIHQADHSEIADQLGLSLTSGGGGGGGSSSSGGGGGGAGGGMASPTSGASDDGSGTHGTNNPDVAASMTQASTSGYKGYDRSFCVRMKSTLTKRGCHFKSSGYRVVLLLCKLRPQYTFSHSRKSQPPLLGMVALAIALPPPSVHEIRLECDMFVTRVNFDLRVAHCEPRVSDLLDYSPEDLVNKSLYSLCHAEDANRLRKSHSDLIEKGQVLTGYYRLMNKSGGYTWLQTCATVVCSTKNADEQNIICVNYVISNRENENMILDCCQLEPSPDSIKHEEGLGNDKSSGSPGGDASGEGNSHLSAGDMKLNSPKTDSEGHSHRGRGRSAAASHGSSMNSLTMIKDSPTPLGVEIDSGVLPTTVATPVPAATPPVQSTKRKRKTKASQHAEDQGQEQVISEQPLPKLPTMEQRDQQPRSRLPSIVDEQPSSAADSAVKDLEQAMSKHLPSPAAVVSVAPPNTDFSADSLLKQQQQQQQLDPNEKSSTIQWIGTPYQQPPAPMPATALLRQLYANRESVIRATARQTPTGVGPGVFYGDQQTGPLPTPPGSESSYENQYLQLHSAASGGHPGGQKTSADAFTNLVSTYGGYHSSIDYHNAMTPPSSVSPRDSNQPGKAAPVLASNGGYDYAPDPLRGQYATSSGDVVPATLPLKPQASYTATMHPSGSTTTEGGVTYSNLDQPQYFAPHSSFHLYHKGSPASGWYSTPS",929,0.0344,FALSE,0,NA,NA,NA,NA,NA,NA,NA,NA,Inf,929,0
"30","FBpp0303180","FBgn0262139","trh","DNA binding; protein dimerization activity","GO:0003677; GO:0046983","nucleus","GO:0005634","regulation of transcription, DNA-templated","GO:0006355","MLPYQAAVAMDYAGYQRQPTPGHPGSHMATMGSLGMPAVPFTHSWMVPTQDLCAMPPYNKMTGHQQPPGAGMHAQQQPLEPGILELRKEKSRDAARSRRGKENYEFYELAKMLPLPAAITSQLDKASIIRLTISYLKLRDFSGHGDPPWTREASSSSKLKSAAIRRSPAVDLFEQHQGTHILQSLDGFALAVAADGRFLYISETVSIYLGLSQVEMTGSSIFDYIHQADHSEIADQLGLSLTSGGGGGGGSSSSGGGGGGAGGGMASPTSGASDDGSGTHVAASMTQASTSGYKGYDRSFCVRMKSTLTKRGCHFKSSGYRASDATSNCNNGNNASNNAKNVKNPGSNYSVVLLLCKLRPQYTFSHSRKSQPPLLGMVALAIALPPPSVHEIRLECDMFVTRVNFDLRVAHCEPRVSDLLDYSPEDLVNKSLYSLCHAEDANRLRKSHSDLIEKGQVLTGYYRLMNKSGGYTWLQTCATVVCSTKNADEQNIICVNYVISNRENENMILDCCQLEPSPDSIKHEEGLGNDKSSGSPGGDASGEGNSHLSAGDMKLNSPKTDSEGHSHRGRGRSAAASHGSSMNSLTMIKDSPTPLGVEIDSGVLPTTVATPVPAATPPVQSTKRKRKTKASQHAEDQGQEQVISEQPLPKLPTMEQRDQQPRSRLPSIVDEQPSSAADSAVKDLEQAMSKHLPSPAAVVSVAPPNTDFSADSLLKQQQQQQQLDPNEKSSTIQWIGTPYQQPPAPMPATALLRQLYANRESVIRATARQTPTGVGPGVFYGDQQTGPLPTPPGSESSYENQYLQLHSAASGGHPGGQKTSADAFTNLVSTYGGYHSSIDYHNAMTPPSSVSPRDSNQPGKAAPVLASNGGYDYAPDPLRGQYATSSGDVVPATLPLKPQASYTATMHPSGSTTTEGGVTYSNLDQPQYFAPHSSFHLYHKGSPASGWYSTPS",952,0.0336,FALSE,0,NA,NA,NA,NA,NA,NA,NA,NA,Inf,952,0
"31","FBpp0306033","FBgn0262139","trh","DNA binding; protein dimerization activity","GO:0003677; GO:0046983","nucleus","GO:0005634","regulation of transcription, DNA-templated","GO:0006355","MLPYQAAVAMDYAGYQRQPTPGHPGSHMATMGSLGMPAVPFTHSWMVPTQDLCAMPPYNKMTGHQQPPGAGMHAQQQPLEPGILELRKEKSRDAARSRRGKENYEFYELAKMLPLPAAITSQLDKASIIRLTISYLKLRDFSGHGDPPWTREASSSSKLKSAAIRRSPAVDLFEQHQGTHILQSLDGFALAVAADGRFLYISETVSIYLGLSQVEMTGSSIFDYIHQADHSEIADQLGLSLTSGGGGGGGSSSSGGGGGGAGGGMASPTSGASDDGSGTHVAASMTQASTSGYKGYDRSFCVRMKSTLTKRGCHFKSSGYRVVLLLCKLRPQYTFSHSRKSQPPLLGMVALAIALPPPSVHEIRLECDMFVTRVNFDLRVAHCEPRVSDLLDYSPEDLVNKSLYSLCHAEDANRLRKSHSDLIEKGQVLTGYYRLMNKSGGYTWLQTCATVVCSTKNADEQNIICVNYVISNRENENMILDCCQLEPSPDSIKHEEGLGNDKSSGSPGGDASGEGNSHLSAGDMKLNSPKTDSEGHSHRGRGRSAAASHGSSMNSLTMIKDSPTPLGVEIDSGVLPTTVATPVPAATPPVQSTKRKRKTKASQHAEDQGQEQVISEQPLPKLPTMEQRDQQPRSRLPSIVDEQPSSAADSAVKDLEQAMSKHLPSPAAVVSVAPPNTDFSADSLLKQQQQQQQLDPNEKSSTIQWIGTPYQQPPAPMPATALLRQLYANRESVIRATARQTPTGVGPGVFYGDQQTGPLPTPPGSESSYENQYLQLHSAASGGHPGGQKTSADAFTNLVSTYGGYHSSIDYHNAMTPPSSVSPRDSNQPGKAAPVLASNGGYDYAPDPLRGQYATSSGDVVPATLPLKPQASYTATMHPSGSTTTEGGVTYSNLDQPQYFAPHSSFHLYHKGSPASGWYSTPS",923,0.0347,FALSE,0,NA,NA,NA,NA,NA,NA,NA,NA,Inf,923,0
